"surface_runoff","drain","tot_runoff","tot_inflow","high_intensity_runoff","tot_outflow_ft3","sat_outflow_ft3","n_intense_outflow","n_sat_outflow","n_events","city","rain","soil","ratio","frac_high_intensity","frac_intense_events","frac_sat","frac_sat_events","frac_outflow_tot","Fall_sat","Spring_sat","Summer_sat","Winter_sat","Fall_intense","Spring_intense","Summer_intense","Winter_intense","delta_mean","delta_med","dur_mean","dur_med","int_mean","int_med","tot_precip"
61543.3565333333,36274.9506666667,97818.3072,139398.881416667,25358.6689333333,9351306.35512084,0,15,0,129,"New_Orleans","Wet","high",0.1,0.259242565724275,0.116279069767442,0,0,0.701715151555762,0,0,0,0,891.32415,3665.53585,7933.78578333333,12868.02315,63.6640625,26.5,5.06976744186047,3,0.157414829659319,0.05,78.55
33681.1524166667,28335.8372166667,62016.9896333333,106621.336066667,15009.89185,5929586.38055872,70007.62212466,21,1,123,"New_Orleans","Norm","high",0.1,0.242028707596803,0.170731707317073,0.0118064933423001,0.00813008130081301,0.581656466905988,70007.62212466,0,0,0,8133.00908333333,2916.68721666667,2620.93865,1339.2569,66.7704918032787,34,4.39837398373984,3,0.131363636363636,0.06,60.69
24908.1836333333,21492.6246666667,46400.8083,78343.7627,17646.2055,4437363.70388201,1865.316577685,16,2,107,"New_Orleans","Dry","high",0.1,0.380299528101109,0.149532710280374,0.000420365942970402,0.0186915887850467,0.592271888672,1865.316577685,0,0,0,1423.11281666667,2440.48686666667,11668.6028,2114.00301666667,76.9622641509434,35,3.89719626168224,2,0.131040462427746,0.05,45.34
92881.41555,5497.28546666667,98378.7010166667,139398.881416667,58809.3845333333,9404783.42624331,897572.932974355,43,16,129,"New_Orleans","Wet","med",0.1,0.59778573944954,0.333333333333333,0.0954379162490598,0.124031007751938,0.705735225540371,877418.423209955,4514.64209328,15639.86767112,0,5493.216,8528.62983333333,18478.16,26309.3787,63.6640625,26.5,5.06976744186047,3,0.157414829659319,0.05,78.55
62386.65555,1597.10288333333,63983.7584333333,106621.33595,61063.6592,6118289.04807857,369635.6274281,46,11,123,"New_Orleans","Norm","med",0.1,0.954361867685908,0.373983739837398,0.0604148683600006,0.0894308943089431,0.600102764266042,4415.04040483,0,365128.239025275,92.3479979949997,39075.32055,7472.37965,9456.96173333333,5058.99726666667,66.7704918032787,34,4.39837398373984,3,0.131363636363636,0.06,60.69
47877.4647,873.11765,48750.58235,78343.7628,46396.6897333333,4659336.25875014,204953.918715975,31,6,107,"New_Orleans","Dry","med",0.1,0.951715600035972,0.289719626168224,0.0439877929675231,0.0560747663551402,0.622265010099821,131552.44081265,503.65009629,72897.827807035,0,6647.61671666667,8170.49343333333,24490.0312333333,7088.54835,76.9622641509434,35,3.89719626168224,2,0.131040462427746,0.05,45.34
106065.828016667,94.6833166666667,106160.511333333,139398.881466667,83259.9264666667,10145571.0129783,5871962.80680345,63,47,129,"New_Orleans","Wet","low",0.1,0.784283397102703,0.488372093023256,0.578771051850306,0.364341085271318,0.761559276633928,1259457.61153157,16584.04667942,606686.80158416,3989234.34700829,15734.67975,9829.7918,21246.3883333333,36449.0665833333,63.6640625,26.5,5.06976744186047,3,0.157414829659319,0.05,78.55
73967.0833833333,0.5758,73967.6591833333,106621.336183333,72531.0462333333,7070696.08004859,698806.36159554,60,16,123,"New_Orleans","Norm","low",0.1,0.980577823255982,0.48780487804878,0.0988313390484092,0.130081300813008,0.693741626499103,344328.98708736,0,199424.38934836,155052.98515982,42086.0753833333,9210.79458333333,14072.9720166667,7161.20425,66.7704918032787,34,4.39837398373984,3,0.131363636363636,0.06,60.69
54620.0451833333,62.9358,54682.9809833333,78343.7627666667,54394.3315,5227581.0714099,832777.921358185,38,20,107,"New_Orleans","Dry","low",0.1,0.994721401830282,0.355140186915888,0.159304640135133,0.186915887850467,0.697987677030488,3679.25517234,0,551723.006778295,277375.65940755,9640.06323333333,9309.84281666667,27346.48285,8097.9426,76.9622641509434,35,3.89719626168224,2,0.131040462427746,0.05,45.34
24124.06735,36186.44755,60310.5149,104386.299183333,9657.33223333333,5767918.05457367,74359.279026285,13,1,121,"Atlanta","Wet","high",0.1,0.160126841054931,0.107438016528926,0.0128918750791409,0.00826446280991736,0.577762746374185,0,0,0,74359.279026285,0,2023.15518333333,6528.72988333333,1105.44716666667,66.9416666666667,35.5,6.66942148760331,4,0.0946687697160883,0.04,60.02
15555.7821,24989.0499666667,40544.8320666667,83283.7489166667,13556.9007166667,3877680.15028499,0,14,0,102,"Atlanta","Norm","high",0.1,0.334368155585784,0.137254901960784,0,0,0.486827653582641,0,0,0,0,3322.81941666667,2460.5356,7671.08493333333,102.460766666667,80.019801980198,55,6.12745098039216,3,0.0916984732824428,0.04,48.05
7936.45631666667,16372.5542,24309.0105166667,64461.4896833333,6555.31773333333,2327381.72731003,0,13,0,114,"Atlanta","Dry","high",0.1,0.26966616879938,0.114035087719298,0,0,0.377109040391163,0,0,0,0,2947.67388333333,816.971183333333,2066.89931666667,723.77335,70.7699115044248,40,5.21929824561404,3,0.0838695652173913,0.04,38.58
55719.3864833333,5223.49733333333,60942.8838166667,104386.299383333,50028.3901666667,5827321.68599674,1416959.67662381,38,17,121,"Atlanta","Wet","med",0.1,0.820906183520395,0.31404958677686,0.243157963980058,0.140495867768595,0.583820713797591,799210.8473613,0,580454.72549328,37294.10376923,12094.2751333333,9745.26033333333,21016.9937,7171.861,66.9416666666667,35.5,6.66942148760331,4,0.0946687697160883,0.04,60.02
40063.59965,1076.62283333333,41140.2224833333,83283.7494666667,39962.09905,3933248.36134268,113455.35596153,41,8,102,"Atlanta","Norm","med",0.1,0.971363221630349,0.401960784313726,0.0288452051684832,0.0784313725490196,0.493976589031924,21349.967757525,28759.25651874,15163.491892615,48182.63979265,11196.3298333333,10003.7869,12149.8347333333,6612.14758333333,80.019801980198,55,6.12745098039216,3,0.0916984732824428,0.04,48.05
25784.4284666667,1104.77705,26889.2055166667,64461.48955,23241.9929,2572589.26286494,201606.27317611,30,11,114,"Atlanta","Dry","med",0.1,0.864361458563511,0.263157894736842,0.0783670662418893,0.0964912280701754,0.417135962950559,3884.483600855,0,197721.789575255,0,8655.35695,6005.88496666667,4446.65891666667,4134.09206666667,70.7699115044248,40,5.21929824561404,3,0.0838695652173913,0.04,38.58
70149.7433,10.3295833333333,70160.0728833333,104386.299433333,60509.1485666667,6708764.62111873,1535223.98658079,53,33,121,"Atlanta","Wet","low",0.1,0.862444209077222,0.43801652892562,0.22883855274159,0.272727272727273,0.67211955270185,249293.85165938,9994.89767815,1014438.3485318,261496.888711465,15706.74975,12547.9673833333,24430.3021,7824.12933333333,66.9416666666667,35.5,6.66942148760331,4,0.0946687697160883,0.04,60.02
51390.6198166667,54.9158166666667,51445.5356333333,83283.7494666667,50757.3576,4919329.69013404,780347.71615174,50,17,102,"Atlanta","Norm","low",0.1,0.986623172936945,0.490196078431373,0.158628871270158,0.166666666666667,0.617713971366332,41307.763982595,3655.249865575,429053.626033615,306331.076269955,13358.8594666667,13515.1643166667,14296.4039,9586.92991666667,80.019801980198,55,6.12745098039216,3,0.0916984732824428,0.04,48.05
34122.6751,1.11051666666667,34123.7856166667,64461.4899833333,32455.7090666667,3263910.0449851,660781.34337864,45,16,114,"Atlanta","Dry","low",0.1,0.951116896327432,0.394736842105263,0.202450844009599,0.140350877192982,0.529367000754861,163888.094450575,4471.2897075,491816.514424565,605.444796,10714.4231166667,7125.44591666667,6855.47233333333,7760.3677,70.7699115044248,40,5.21929824561404,3,0.0838695652173913,0.04,38.58
8131.77358333333,33092.8620166667,41224.6356,75081.2845166667,0,3944545.6181472,0,0,0,159,"Seattle","Wet","high",0.1,0,0,0,0,0.54906673301319,0,0,0,0,0,0,0,0,48.1962025316456,23,7.9874213836478,6,0.0430635838150289,0.02,44.7
3821.71266666667,21047.6309166667,24869.3435833333,59760.1959166667,0,2380618.02704412,0,0,0,151,"Seattle","Norm","high",0.1,0,0,0,0,0.416152310109771,0,0,0,0,0,0,0,0,50.3,21.5,8.01324503311258,6,0.0393952483801296,0.03,36.48
0,12124.9904833333,12124.9904833333,43888.5094333333,0,1162547.41133031,0,0,0,151,"Seattle","Dry","high",0.1,0,0,0,0,0.276267994513489,0,0,0,0,0,0,0,0,52.18,21.5,7.04635761589404,5,0.0345833333333333,0.02,28.22
27379.8312333333,11912.7255166667,39292.55675,75081.28455,11192.2412666667,3759418.89417561,1996826.40736997,17,30,159,"Seattle","Wet","med",0.1,0.284843802297662,0.106918238993711,0.53115294240384,0.188679245283019,0.523333570882546,862242.444207485,14288.533411185,26304.383639325,1093991.04611198,6730.29861666667,1097.79276666667,1210.98818333333,2153.1617,48.1962025316456,23,7.9874213836478,6,0.0430635838150289,0.02,44.7
17752.0014666667,7531.69871666667,25283.7001833333,59760.1975166667,11219.6184833333,2418989.60525117,584465.824015645,19,17,151,"Seattle","Norm","med",0.1,0.443749071614492,0.125827814569536,0.241615682327398,0.112582781456954,0.423085954096485,473326.223882435,259.39040556,114.186270385,110766.023457265,5514.1143,750.020566666667,3354.02161666667,1601.462,50.3,21.5,8.01324503311258,6,0.0393952483801296,0.03,36.48
8933.61075,2481.47101666667,11415.0817666667,43888.5111833333,8269.76173333333,1093694.50498687,91839.25614974,17,10,151,"Seattle","Dry","med",0.1,0.7244592638383,0.112582781456954,0.0839715804833838,0.0662251655629139,0.260092708977596,0,84878.30972489,0,6960.94642485,3071.4658,887.817066666667,947.456316666667,3363.02255,52.18,21.5,7.04635761589404,5,0.0345833333333333,0.02,28.22
43014.7025166667,48.3049166666667,43063.0074333333,75081.2846166667,32443.9506833333,4119539.10630647,2658991.22985402,51,80,159,"Seattle","Wet","low",0.1,0.753406522606681,0.320754716981132,0.645458426595213,0.50314465408805,0.573551819913509,1200641.22929718,34292.93748771,129944.310431925,1294112.75263721,16327.51245,3117.78881666667,1393.88711666667,11604.7623,48.1962025316456,23,7.9874213836478,6,0.0430635838150289,0.02,44.7
30105.5376,26.6460166666667,30132.1836166667,59760.1985,25104.4975333333,2882498.79042934,1314080.419041,43,46,151,"Seattle","Norm","low",0.1,0.833145644295343,0.28476821192053,0.4558823835084,0.304635761589404,0.50421826521655,564657.31150609,49736.157285595,569.994034499999,699116.95621482,13098.3424,2426.0618,4815.1874,4764.90593333333,50.3,21.5,8.01324503311258,6,0.0393952483801296,0.03,36.48
16736.7624,14.5180166666667,16751.2804166667,43888.5113666667,14342.3883166667,1602309.55914392,765788.91128718,35,31,151,"Seattle","Dry","low",0.1,0.856196539005862,0.231788079470199,0.47792819241266,0.205298013245033,0.381678026778308,285240.654136185,207604.58050354,0,272943.676647455,4587.85046666667,1832.13095,1313.55003333333,6608.85686666667,52.18,21.5,7.04635761589404,5,0.0345833333333333,0.02,28.22
10192.5873666667,26626.1467166667,36818.7340833333,73588.4053,5354.99986666667,3521312.29366268,0,7,0,107,"Des_Moines","Wet","high",0.1,0.145442259219083,0.0654205607476635,0,0,0.500333360034551,0,0,0,0,0,23.9127833333333,5331.08708333333,0,75.7452830188679,49,6.78504672897196,4,0.071781045751634,0.03,43.93
7701.8798,15467.8517833333,23169.7315833333,53181.1605166667,4251.22055,2216318.99519773,0,6,0,108,"Des_Moines","Norm","high",0.1,0.183481648663467,0.0555555555555556,0,0,0.435675554242034,0,0,0,0,267.703316666667,7.37923333333333,3976.138,0,74.4766355140187,45,4.37962962962963,2,0.0826302083333333,0.04,31.73
6248.8689,10189.23025,16438.09915,43397.7804333333,2944.25551666667,1573195.42278756,0,8,0,97,"Des_Moines","Dry","high",0.1,0.179111677682432,0.0824742268041237,0,0,0.378777416399252,0,0,0,0,262.752566666667,898.1998,1783.30315,0,85.3541666666667,70,4.88659793814433,3,0.0689378238341969,0.03,26.61
32390.86355,4030.14955,36421.0131,73588.4115666667,24864.9557833333,3482435.08925994,846977.53533481,24,12,107,"Des_Moines","Wet","med",0.1,0.682709064546404,0.224299065420561,0.243214162970889,0.11214953271028,0.494928648745255,0,349885.155862165,497092.379472645,0,2219.82476666667,5543.10603333333,17102.0249833333,0,75.7452830188679,49,6.78504672897196,4,0.071781045751634,0.03,43.93
21688.53215,2505.2412,24193.77335,53181.1622,16555.6360666667,2314091.48373931,754097.62923869,25,8,108,"Des_Moines","Norm","med",0.1,0.684293261210809,0.231481481481481,0.325872003997074,0.0740740740740741,0.454931264176096,659.91121691,571070.850850885,182366.867170895,0,5550.76375,4708.22173333333,6296.65058333333,0,74.4766355140187,45,4.37962962962963,2,0.0826302083333333,0.04,31.73
17791.1738333333,12.2231666666667,17803.397,43397.6919333333,17790.1454833333,1702867.6749706,388949.220362835,21,5,97,"Des_Moines","Dry","med",0.1,0.99925567482056,0.216494845360825,0.228408364360753,0.0515463917525773,0.410238337728864,0,388154.198617185,795.02174565,0,605.18445,11100.9486333333,5786.93525,297.07715,85.3541666666667,70,4.88659793814433,3,0.0689378238341969,0.03,26.61
42386.7774333333,3.16531666666667,42389.94275,73588.4296166667,37779.0946,4054981.81025151,1456617.09672154,40,22,107,"Des_Moines","Wet","low",0.1,0.891227780674462,0.373831775700935,0.359216678368083,0.205607476635514,0.576040866353796,6458.478810135,593478.07248213,856680.54542928,0,3474.1528,9593.94586666667,24242.6226,468.373333333333,75.7452830188679,49,6.78504672897196,4,0.071781045751634,0.03,43.93
28482.7377833333,4.8063,28487.5440833333,53181.1632,28290.6350666667,2724649.54200274,1135561.26346811,37,15,108,"Des_Moines","Norm","low",0.1,0.993087890760584,0.342592592592593,0.416773330280645,0.138888888888889,0.535669819334326,248003.404074305,725205.71150951,162352.1478843,0,7522.39028333333,11999.0707666667,8768.6284,0.545616666666666,74.4766355140187,45,4.37962962962963,2,0.0826302083333333,0.04,31.73
22989.0137166667,0,22989.0137166667,43397.65975,22961.1218,2199313.60314474,322736.629851405,28,7,97,"Des_Moines","Dry","low",0.1,0.998786728434267,0.288659793814433,0.146744252111174,0.0721649484536082,0.529729341376908,0,271581.25430689,51155.375544515,0,892.53165,13731.3385666667,7640.11608333333,697.1355,85.3541666666667,70,4.88659793814433,3,0.0689378238341969,0.03,26.61
38542.7816166667,31133.4468333333,69676.22845,101114.240566667,15513.78225,6661173.51829072,895901.570633245,16,2,105,"Tampa","Wet","high",0.1,0.222655310069384,0.152380952380952,0.134496056614231,0.019047619047619,0.689084228487688,0,0,895901.570633245,0,3186.68786666667,1585.0408,9466.0016,1276.05198333333,77.2692307692308,25.5,5.34285714285714,3,0.128218262806236,0.05,57.57
19397.41285,19312.8161666667,38710.2290166667,72837.2011333333,12331.3235166667,3701726.57101362,0,13,0,106,"Tampa","Norm","high",0.1,0.318554651571744,0.122641509433962,0,0,0.531462335377289,0,0,0,0,209.1129,1410.5056,7782.40761666667,2929.2974,75.8666666666667,32,3.73584905660377,2.5,0.135414012738854,0.05,42.52
11159.0760666667,16031.0399166667,27190.1159833333,56963.5856333333,6206.4565,2601915.25613871,0,11,0,101,"Tampa","Dry","high",0.1,0.228261494132808,0.108910891089109,0,0,0.477324516724637,0,0,0,0,2679.19508333333,0,2153.59566666667,1373.66575,83.11,42.5,4.07920792079208,2,0.1048,0.04,34.06
67297.8958666667,3949.70275,71247.5986166667,101114.24075,55943.5005,6809642.70225602,1920280.22038721,25,15,105,"Tampa","Wet","med",0.1,0.785198400875133,0.238095238095238,0.281994269648101,0.142857142857143,0.704624769846444,28064.041021115,0,1892216.17936609,0,14832.2090333333,4215.11488333333,27792.3967166667,9103.77986666667,77.2692307692308,25.5,5.34285714285714,3,0.128218262806236,0.05,57.57
38370.1039,1698.2005,40068.3044,72837.2011333333,36836.0580333333,3830765.61844092,682225.154220445,36,10,106,"Tampa","Norm","med",0.1,0.9193315910152,0.339622641509434,0.178091071647997,0.0943396226415094,0.55010768915533,125.358591215,0,682099.79562923,0,4270.46061666667,5893.28433333333,18999.0156166667,7673.29746666667,75.8666666666667,32,3.73584905660377,2.5,0.135414012738854,0.05,42.52
25158.7165333333,2591.99533333333,27750.7118666667,56963.5856333333,20936.5576833333,2656073.79913838,274436.083232575,28,6,101,"Tampa","Dry","med",0.1,0.7544511933217,0.277227722772277,0.103323967625298,0.0594059405940594,0.487165819323491,28408.360410705,0,246027.72282187,0,8909.05041666667,617.958583333333,8422.16823333333,2987.38045,83.11,42.5,4.07920792079208,2,0.1048,0.04,34.06
77006.8732833333,7.89443333333333,77014.7677166667,101114.24075,64835.7604833333,7360915.56765059,1940211.56003609,36,27,105,"Tampa","Wet","low",0.1,0.841861404060332,0.342857142857143,0.263582911963132,0.257142857142857,0.761660940589782,43792.94986308,0,1848638.80561981,47779.804553195,16719.3047833333,4819.96533333333,32552.3781,10744.1122666667,77.2692307692308,25.5,5.34285714285714,3,0.128218262806236,0.05,57.57
46080.57545,0,46080.57545,72837.2013666667,44718.8269833333,4405554.44586653,1865772.5314822,42,18,106,"Tampa","Norm","low",0.1,0.970448535996599,0.39622641509434,0.42350459049093,0.169811320754717,0.632651647583599,13492.45505542,97287.178214435,1683814.80076854,71178.097443805,5649.84493333333,7208.33046666667,23200.1934666667,8660.45811666667,75.8666666666667,32,3.73584905660377,2.5,0.135414012738854,0.05,42.52
32772.9919,5.70448333333333,32778.6963833333,56963.5856333333,25316.8863333333,3135584.44123293,1394968.15134683,36,20,101,"Tampa","Dry","low",0.1,0.772357937523286,0.356435643564356,0.444882980347459,0.198019801980198,0.575432463018133,357689.121361,0,1037279.02998583,0,11473.9212166667,880.5235,9253.2745,3709.16711666667,83.11,42.5,4.07920792079208,2,0.1048,0.04,34.06
11405.71105,24055.3315,35461.04255,74673.4523,3322.9832,3393295.071755,0,8,0,135,"Columbus","Wet","high",0.1,0.0937079950572406,0.0592592592592593,0,0,0.47488152024277,0,0,0,0,126.9447,218.289383333333,2977.74911666667,0,59.1716417910448,34,6.25185185185185,4,0.0685540334855403,0.03,45.04
5707.40036666667,16903.2223666667,22610.6227333333,62052.6583,4313.95133333333,2165457.53389433,0,5,0,139,"Columbus","Norm","high",0.1,0.190793123400956,0.0359712230215827,0,0,0.3643779872253,0,0,0,0,0,236.0227,3914.07758333333,163.85105,56.5507246376812,38,6.53956834532374,3,0.0526147426981919,0.02,37.83
5404.50813333333,10154.5219,15559.0300333333,52577.7764833333,4517.54003333333,1490647.42096204,0,6,0,131,"Columbus","Dry","high",0.1,0.290348435837906,0.0458015267175573,0,0,0.295924078080126,0,0,0,0,1654.49133333333,1380.6117,1482.437,0,61.2153846153846,47.5,5.91603053435114,3,0.056254295532646,0.02,32.74
33738.96565,1639.37176666667,35378.3374166667,74673.4526333333,31339.8359,3383390.33897893,571262.761890535,35,7,135,"Columbus","Wet","med",0.1,0.885848182487961,0.259259259259259,0.168843291685622,0.0518518518518519,0.473773960745913,0,87773.649137185,357963.90831234,125525.20444101,4523.25183333333,4890.11251666667,19198.3411,2728.13045,59.1716417910448,34,6.25185185185185,4,0.0685540334855403,0.03,45.04
20378.4024333333,1249.04453333333,21627.4469666667,62052.6652166667,18433.4043166667,2070912.7808842,73117.634385125,26,7,139,"Columbus","Norm","med",0.1,0.852315316970939,0.18705035971223,0.035306959839181,0.0503597122302158,0.348533731647964,58747.71043889,691.504381645001,13404.331830505,274.087734085,2594.8797,4372.4716,7672.09741666667,3793.9556,56.5507246376812,38,6.53956834532374,3,0.0526147426981919,0.02,37.83
16673.4127166667,602.46955,17275.8822666667,52577.7790666667,16018.3891,1653582.02464361,112546.217023185,30,4,131,"Columbus","Dry","med",0.1,0.927211059484182,0.229007633587786,0.0680620709138643,0.0305343511450382,0.328577634379754,0,112295.24080214,0,250.976221045,3271.5113,5013.60141666667,3885.66983333333,3847.60655,61.2153846153846,47.5,5.91603053435114,3,0.056254295532646,0.02,32.74
43529.3387333333,3.1398,43532.4785333333,74673.4533166667,40925.8403166667,4163339.53877567,1627170.57985763,43,21,135,"Columbus","Wet","low",0.1,0.940121989271281,0.318518518518519,0.390833023514612,0.155555555555556,0.582971278276441,184811.00034078,179993.651866875,833919.23731083,428446.69033914,6020.69323333333,7177.96713333333,22902.5603833333,4824.61956666667,59.1716417910448,34,6.25185185185185,4,0.0685540334855403,0.03,45.04
29520.94015,3.2247,29524.16485,62052.6659,25824.06095,2824060.19852225,1232773.37598024,37,22,139,"Columbus","Norm","low",0.1,0.87467540847307,0.266187050359712,0.436525176278225,0.158273381294964,0.475792045704841,318334.085369465,338117.051800605,512806.32582003,63515.912990145,4368.94973333333,6607.37258333333,9497.31708333333,5350.42155,56.5507246376812,38,6.53956834532374,3,0.0526147426981919,0.02,37.83
23361.8581833333,1.41673333333333,23363.2749166667,52577.7798,23278.7790333333,2237122.53543372,634537.83460518,37,15,131,"Columbus","Dry","low",0.1,0.996383388731472,0.282442748091603,0.283640178199787,0.114503816793893,0.44435643736837,21085.509856235,300795.24539053,0,312657.079358415,4005.64013333333,8502.64363333333,5278.71745,5491.77781666667,61.2153846153846,47.5,5.91603053435114,3,0.056254295532646,0.02,32.74
69.2616166666667,490.6284,559.890016666667,19214.4008833333,69.2616166666667,53613.84305926,0,1,0,94,"Elko","Wet","high",0.1,0.123705753996149,0.0106382978723404,0,0,0.0291390827154188,0,0,0,0,0,0,69.2616166666667,0,89.5161290322581,28,5.26595744680851,3,0.0342105263157895,0.02,13.65
0,1174.63861666667,1174.63861666667,14417.1820333333,0,112680.21567264,0,0,0,75,"Elko","Norm","high",0.1,0,0,0,0,0.0814749105581685,0,0,0,0,0,0,0,0,113.27027027027,64.5,4.96,3,0.0354421768707483,0.02,10.42
0,149.966366666667,149.966366666667,7397.67536666667,0,14482.80345534,0,0,0,47,"Elko","Dry","high",0.1,0,0,0,0,0.02027209349337,0,0,0,0,0,0,0,0,136.195652173913,34,4.63829787234043,2,0.0328571428571429,0.02,5.52
1523.28176666667,0.350016666666666,1523.63178333333,19214.4240666667,1523.2817,145699.68313791,0,4,0,94,"Elko","Wet","med",0.1,0.999770231011742,0.0425531914893617,0,0,0.079296250465115,0,0,0,0,488.2272,632.040916666667,403.013583333333,0,89.5161290322581,28,5.26595744680851,3,0.0342105263157895,0.02,13.65
1467.2648,0,1467.2648,14417.19025,1467.2648,140222.66633826,0,3,0,75,"Elko","Norm","med",0.1,1,0.04,0,0,0.101771896920067,0,0,0,0,0,143.330466666667,1323.93433333333,0,113.27027027027,64.5,4.96,3,0.0354421768707483,0.02,10.42
2.99728333333333,0,2.99728333333333,7397.6753,2.99728333333333,323.089398115,0,3,0,47,"Elko","Dry","med",0.1,1,0.0638297872340425,0,0,0.000405165570504741,0,0,0,0,2.90015,0.0971333333333333,0,0,136.195652173913,34,4.63829787234043,2,0.0328571428571429,0.02,5.52
2592.32311666667,0,2592.32311666667,19214.44935,2592.32291666667,248410.146536255,0,10,0,94,"Elko","Wet","low",0.1,0.999999922849124,0.106382978723404,0,0,0.134915295746774,0,0,0,0,680.89035,1412.48168333333,498.591866666667,0.359016666666667,89.5161290322581,28,5.26595744680851,3,0.0342105263157895,0.02,13.65
2133.71393333333,0,2133.71393333333,14417.1992666667,2133.71393333333,205189.046043025,502.60905585,10,2,75,"Elko","Norm","low",0.1,1,0.133333333333333,0.00244949262907831,0.0266666666666667,0.147997811077398,0,0,502.60905585,0,0,366.737083333333,1668.17225,98.8046,113.27027027027,64.5,4.96,3,0.0354421768707483,0.02,10.42
686.942333333333,0,686.942333333333,7397.67541666667,686.942333333333,66227.01162902,0,6,0,47,"Elko","Dry","low",0.1,1,0.127659574468085,0,0,0.0928592151780112,0,0,0,0,462.0693,224.873033333333,0,0,136.195652173913,34,4.63829787234043,2,0.0328571428571429,0.02,5.52
4931.15213333333,17479.7563833333,22410.9085166667,36896.4974333333,2686.23003333333,2142267.16284081,144483.53495488,5,1,35,"Los_Angeles","Wet","high",0.1,0.119862612055001,0.142857142857143,0.0674442186581827,0.0285714285714286,0.60739934887207,0,0,0,144483.53495488,7.03791666666667,0.269633333333333,0,2678.92248333333,244.911764705882,44,9.08571428571429,6,0.0847131147540984,0.04,20.67
1263.42383333333,7483.09121666667,8746.51505,18730.92185,577.877083333333,836863.657062565,0,2,0,31,"Los_Angeles","Norm","high",0.1,0.0660694093624561,0.0645161290322581,0,0,0.466955930949015,0,0,0,0,0,577.877083333333,0,0,223.3,39,7.64516129032258,4,0.0614525139664804,0.03,11
267.024083333333,1578.01818333333,1845.04226666667,7627.84371666667,267.024083333333,176782.48495556,0,1,0,28,"Los_Angeles","Dry","high",0.1,0.144725184976792,0.0357142857142857,0,0,0.241882547047377,0,0,0,0,0,0,0,267.024083333333,315.777777777778,140,5.10714285714286,4,0.0457272727272727,0.02,5.03
19197.3874333333,3072.56248333333,22269.9499166667,36896.4974333333,13602.2873,2128437.74462709,834568.76654745,12,10,35,"Los_Angeles","Wet","med",0.1,0.610791104196429,0.342857142857143,0.392103912202359,0.285714285714286,0.60357896997961,0,0,0,834568.76654745,474.895533333333,1295.33231666667,414.248,11417.81145,244.911764705882,44,9.08571428571429,6,0.0847131147540984,0.04,20.67
7111.07403333333,1498.40746666667,8609.4815,18730.9219333333,4715.63638333333,823917.87570983,6185.65365902,9,3,31,"Los_Angeles","Norm","med",0.1,0.547725944162065,0.290322580645161,0.00750760948558237,0.0967741935483871,0.459640028966148,0,5886.22668392,0,299.4269751,216.833083333333,4081.35381666667,0,417.449483333333,223.3,39,7.64516129032258,4,0.0614525139664804,0.03,11
1866.36436666667,0,1866.36436666667,7627.8437,1866.36435,178263.38031337,0,3,0,28,"Los_Angeles","Dry","med",0.1,0.999999991069982,0.107142857142857,0,0,0.244677846068957,0,0,0,0,748.29565,0,0,1118.0687,315.777777777778,140,5.10714285714286,4,0.0457272727272727,0.02,5.03
24787.4661833333,5.14231666666667,24792.6085,36896.4974333333,17139.5563166667,2370422.88255586,1024303.04196379,14,10,35,"Los_Angeles","Wet","low",0.1,0.691317184985463,0.4,0.432118272862503,0.285714285714286,0.671950191066149,0,34208.41239926,0,990094.629564535,547.36215,1741.63935,555.081833333333,14295.4729833333,244.911764705882,44,9.08571428571429,6,0.0847131147540984,0.04,20.67
10270.5055666667,5.08251666666666,10275.5880833333,18730.9219333333,7713.09411666667,982448.45980875,522276.523322895,12,9,31,"Los_Angeles","Norm","low",0.1,0.750623132624113,0.387096774193548,0.531607045752369,0.290322580645161,0.5485895526075,0,97585.10269321,0,424691.420629685,403.48865,3950.89326666667,0,3358.7122,223.3,39,7.64516129032258,4,0.0614525139664804,0.03,11
2678.77573333333,0,2678.77573333333,7627.84371666667,2678.77556666667,256329.639654,13433.3840146,8,1,28,"Los_Angeles","Dry","low",0.1,0.999999937782523,0.285714285714286,0.0524066745957772,0.0357142857142857,0.351183877493487,0,0,0,13433.3840146,1196.44116666667,0,0,1482.3344,315.777777777778,140,5.10714285714286,4,0.0457272727272727,0.02,5.03
4811.21798333333,7698.63135,12509.8493333333,32155.5868166667,4811.21798333333,1197527.65435385,0,6,0,93,"Colorado_Springs","Wet","high",0.1,0.38459439879212,0.0645161290322581,0,0,0.389041238919307,0,0,0,0,0,0,4811.21798333333,0,88.6304347826087,43.5,4.75268817204301,2,0.05633608815427,0.02,20.45
1271.08678333333,2628.81413333333,3899.90091666667,22186.35135,1266.4289,374306.616499365,0,5,0,107,"Colorado_Springs","Norm","high",0.1,0.324733609150882,0.0467289719626168,0,0,0.175779282277826,0,0,0,0,0,0.15385,1266.27505,0,77.311320754717,28,3.73831775700935,2,0.0522789115646259,0.02,15.37
1019.0608,437.006283333333,1456.06708333333,16507.6967,1019.0608,140379.202452555,0,3,0,88,"Colorado_Springs","Dry","high",0.1,0.699872149892361,0.0340909090909091,0,0,0.0882053450457043,0,0,0,0,0,0,1019.0608,0,92.7356321839081,53,4.09090909090909,2,0.0429710144927536,0.02,11.86
12330.78785,119.672833333333,12450.4606833333,32155.5868,12330.1805833333,1192064.23825852,14530.226681025,13,3,93,"Colorado_Springs","Wet","med",0.1,0.990339305262735,0.139784946236559,0.012189130597737,0.032258064516129,0.387194323672965,0,0,14530.226681025,0,0,305.036366666667,12025.1442166667,0,88.6304347826087,43.5,4.75268817204301,2,0.05633608815427,0.02,20.45
4132.75411666667,126.295616666667,4259.04973333333,22186.3489166667,4132.75396666667,408522.07710446,21558.870622685,18,1,107,"Colorado_Springs","Norm","med",0.1,0.970346491688459,0.168224299065421,0.0527728410065152,0.00934579439252336,0.191967130298482,0,21558.870622685,0,0,487.351533333333,537.814016666667,3107.58841666667,0,77.311320754717,28,3.73831775700935,2,0.0522789115646259,0.02,15.37
2410.42765,0,2410.42765,16507.6963833333,2410.42765,230977.222549095,0,8,0,88,"Colorado_Springs","Dry","med",0.1,1,0.0909090909090909,0,0,0.146018414321797,0,0,0,0,0,74.2226833333333,2336.20496666667,0,92.7356321839081,53,4.09090909090909,2,0.0429710144927536,0.02,11.86
15485.5095666667,0,15485.5095666667,32155.58745,15362.9078166667,1482196.33291598,542693.98576371,20,9,93,"Colorado_Springs","Wet","low",0.1,0.992082808158673,0.21505376344086,0.366141767937078,0.0967741935483871,0.481580676787376,0,550.6342523,542143.35151141,0,0,657.18745,14705.7203666667,0,88.6304347826087,43.5,4.75268817204301,2,0.05633608815427,0.02,20.45
7106.26988333333,0,7106.26988333333,22186.3488333333,7106.26988333333,680057.6338193,229155.68267636,22,5,107,"Colorado_Springs","Norm","low",0.1,1,0.205607476635514,0.336965091310554,0.0467289719626168,0.320299204556664,0,39015.144961155,190140.537715205,0,651.249316666667,1772.2017,4682.81886666667,0,77.311320754717,28,3.73831775700935,2,0.0522789115646259,0.02,15.37
4208.9913,0,4208.9913,16507.6966666667,4208.9913,404304.60141467,10107.158515465,13,1,88,"Colorado_Springs","Dry","low",0.1,1,0.147727272727273,0.0249988708515803,0.0113636363636364,0.25497144665246,0,0,10107.158515465,0,0,359.726783333333,3799.70741666667,49.5571,92.7356321839081,53,4.09090909090909,2,0.0429710144927536,0.02,11.86
