"peaks","time","vol","treatment","Event","peak_red","time_diff","vol_red","City","Soil","Rain"
74.1606979370117,50,994.946371196418,"1%","1_month",-0.0237186622962587,0,0.95310478676336,"New_Orleans","low",1.3425
74.2105255126953,50,957.54207134441,"5%","1_month",-0.0909232538176756,0,4.6767022340422,"New_Orleans","low",1.3425
74.0028381347656,50,913.617347811219,"10%","1_month",0.189193633396535,0,9.04940775366816,"New_Orleans","low",1.3425
68.1518020629883,50,872.753027643036,"15%","1_month",8.08073729744726,0,13.1174501676437,"New_Orleans","low",1.3425
60.2110748291016,51,826.547877290721,"20%","1_month",18.7907371883723,5,17.7171721403511,"New_Orleans","low",1.3425
247.49543762207,49,2176.14707244179,"1%","6_month",-0.0606784998789329,0,0.417859310944204,"New_Orleans","low",2.685
248.071212768555,49,2139.90439140579,"5%","6_month",-0.293460374058646,0,2.07635188600045,"New_Orleans","low",2.685
248.754516601562,49,2094.86008519245,"10%","6_month",-0.569715345904772,0,4.13761350539309,"New_Orleans","low",2.685
249.360061645508,49,2051.9140002391,"15%","6_month",-0.814532981904716,0,6.10285892838273,"New_Orleans","low",2.685
249.716857910156,49,2008.85865470697,"20%","6_month",-0.958783222111008,0,8.07310419833403,"New_Orleans","low",2.685
544.176330566406,49,4463.56619810139,"1%","2yr",-0.103474188545556,0,0.182821130474969,"New_Orleans","low",5.37
544.2236328125,49,4427.24664586688,"5%","2yr",-0.112175631267214,0,0.995022648488823,"New_Orleans","low",5.37
543.877258300781,49,4384.25978216127,"10%","2yr",-0.0484586152086174,0,1.95632293465181,"New_Orleans","low",5.37
545.936828613281,49,4346.66830621785,"15%","2yr",-0.427325045143646,0,2.79696804030981,"New_Orleans","low",5.37
545.108276367188,49,4304.30714197184,"20%","2yr",-0.274909451664272,0,3.74427602701854,"New_Orleans","low",5.37
779.791687011719,49,7020.23182098993,"1%","10yr",-0.0140672960026804,0,0.0381219105254409,"New_Orleans","low",8.13
780.193786621094,49,7122.8890686035,"5%","10yr",-0.0656395531343767,0,-1.42362629560452,"New_Orleans","low",8.13
780.691955566406,49,7044.43391371053,"10%","10yr",-0.129533415112049,0,-0.306494436019319,"New_Orleans","low",8.13
781.1591796875,49,6917.20786025675,"15%","10yr",-0.189458373876945,0,1.50509178640816,"New_Orleans","low",8.13
781.618469238281,49,7002.40705265195,"20%","10yr",-0.248365665151386,0,0.291930811001839,"New_Orleans","low",8.13
1011.53942871094,49,10663.1113290799,"1%","50yr",-0.00718687708829015,0,0.380069841300748,"New_Orleans","low",11.9
1011.798828125,49,10636.6974989972,"5%","50yr",-0.0328327441119956,0,0.626840584553895,"New_Orleans","low",11.9
1012.09954833984,49,10603.148347079,"10%","50yr",-0.0625638468945359,0,0.940272946631969,"New_Orleans","low",11.9
1012.37329101562,49,10586.70098416,"15%","50yr",-0.0896277795066109,0,1.09393214559516,"New_Orleans","low",11.9
1012.63391113281,49,10515.8021235714,"20%","50yr",-0.115394332963369,0,1.7563035044037,"New_Orleans","low",11.9
1107.76721191406,49,12287.9175831238,"1%","100yr",-0.00204966740840383,0,0.101086560742662,"New_Orleans","low",13.8
1108.0283203125,49,12240.7786560995,"5%","100yr",-0.0256208426050479,0,0.484318915497922,"New_Orleans","low",13.8
1108.36755371094,49,12214.097489197,"10%","100yr",-0.0562446368413611,0,0.701232771309379,"New_Orleans","low",13.8
1108.6455078125,49,12140.9256065641,"15%","100yr",-0.0813365330184339,0,1.29610912199177,"New_Orleans","low",13.8
1108.92297363281,49,12107.5560318279,"20%","100yr",-0.106384350326509,0,1.56739872297781,"New_Orleans","low",13.8
46.0412216186523,49,685.877201299129,"1%","1_month",-0.271201963713569,0,1.38227808734647,"Atlanta","low",0.9375
45.8133392333984,49,648.68128316137,"5%","1_month",0.225093309792165,0,6.73043181551744,"Atlanta","low",0.9375
36.296199798584,50,597.515030148122,"10%","1_month",20.9520631171809,5,14.0872870972143,"Atlanta","low",0.9375
28.6431713104248,51,560.599309441332,"15%","1_month",37.619265641177,10,19.3951531000086,"Atlanta","low",0.9375
22.1916599273682,51,520.689743592045,"20%","1_month",51.6697355922088,10,25.1334841877381,"Atlanta","low",0.9375
163.034255981445,49,1488.04319722468,"1%","6_month",0.0168344623059639,0,0.626218921497641,"Atlanta","low",1.875
162.92529296875,49,1451.68916021467,"5%","6_month",0.0836576392525386,0,3.05399663782377,"Atlanta","low",1.875
162.616317749023,49,1406.84988420105,"10%","6_month",0.273141256391762,0,6.0484314812522,"Atlanta","low",1.875
161.977905273438,49,1365.49709095635,"15%","6_month",0.664657136558089,0,8.81003371870571,"Atlanta","low",1.875
156.329116821289,49,1326.16645235633,"20%","6_month",4.12886008886799,0,11.4365934027297,"Atlanta","low",1.875
417.049926757812,49,2972.89081212638,"1%","2yr",0.0808148310898377,0,0.321442716534434,"Atlanta","low",3.75
415.910400390625,49,2937.31065863232,"5%","2yr",0.353829016640778,0,1.51441568202164,"Atlanta","low",3.75
414.510009765625,49,2893.98307671306,"10%","2yr",0.689342539580294,0,2.96715348143124,"Atlanta","low",3.75
412.973815917969,49,2851.20475217479,"15%","2yr",1.0573925682965,0,4.40147513750614,"Atlanta","low",3.75
411.583953857422,49,2808.97202674908,"20%","2yr",1.39038359809153,0,5.81750330894526,"Atlanta","low",3.75
613.744079589844,49,4268.39401496758,"1%","10yr",0.0565534798628364,0,0.194105492063195,"Atlanta","low",5.16
612.886474609375,49,4233.41974378714,"5%","10yr",0.196207776093542,0,1.01189279278732,"Atlanta","low",5.16
610.736572265625,49,4190.68091785201,"10%","10yr",0.546302639834939,0,2.01123510694973,"Atlanta","low",5.16
609.608215332031,49,4148.68855008293,"15%","10yr",0.730046784338324,0,2.99312333306058,"Atlanta","low",5.16
608.105285644531,49,4106.95614416271,"20%","10yr",0.974787186472328,0,3.96893299079857,"Atlanta","low",5.16
787.893920898438,49,5990.09770770247,"1%","50yr",0.0286388004478123,0,0.501417420417746,"Atlanta","low",6.92
787.071594238281,49,5964.1254198578,"5%","50yr",0.132979135340559,0,0.932830387783917,"Atlanta","low",6.92
786.154541015625,49,5945.53193887102,"10%","50yr",0.249338782914485,0,1.24167760425354,"Atlanta","low",6.92
785.333435058594,49,5815.47355359853,"15%","50yr",0.353524229757216,0,3.40201381555812,"Atlanta","low",6.92
784.558715820312,49,5771.50991112568,"20%","50yr",0.451823930699369,0,4.13227237302024,"Atlanta","low",6.92
844.898864746094,49,6816.39571980433,"1%","100yr",0.0252702486624246,0,0.00684599290739394,"Atlanta","low",7.75
843.947875976562,49,6742.56608685887,"5%","100yr",0.137798326515879,0,1.08989019410498,"Atlanta","low",7.75
842.777038574219,49,6685.45370765193,"10%","100yr",0.27634053288664,0,1.92770055085389,"Atlanta","low",7.75
841.663696289062,49,6739.58187364669,"15%","100yr",0.408079488545767,0,1.13366712601768,"Atlanta","low",7.75
840.478149414062,49,6623.49263917461,"20%","100yr",0.548362229334259,0,2.83663878117055,"Atlanta","low",7.75
6.02707386016846,34,417.512993693818,"1%","1_month",0.669405607333858,0,2.32154302963078,"Seattle","low",0.5625
4.12512016296387,41,379.850722128308,"5%","1_month",32.0149964585103,35,11.132748017459,"Seattle","low",0.5625
2.46562528610229,84,332.402954842234,"10%","1_month",59.3646882549929,250,22.2333000127141,"Seattle","low",0.5625
2.44911646842957,84,331.101567730397,"15%","1_month",59.636765669373,250,22.537763554988,"Seattle","low",0.5625
2.43541073799133,85,329.576412743971,"20%","1_month",59.8626461517763,255,22.8945782840262,"Seattle","low",0.5625
13.7557458877563,33,712.903876235256,"1%","6_month",-0.149391467230979,0,1.33248514575522,"Seattle","low",1.125
13.8133764266968,33,675.246162891283,"5%","6_month",-0.568973469683482,0,6.54439816040286,"Seattle","low",1.125
9.87226676940918,36,629.577058018809,"10%","6_month",28.1244712263466,15,12.865105949482,"Seattle","low",1.125
6.3079047203064,48,585.276472611898,"15%","6_month",54.0749862401682,75,18.9964075378124,"Seattle","low",1.125
4.76250028610229,41,537.963752224883,"20%","6_month",65.3263800154821,40,25.5445954453222,"Seattle","low",1.125
33.2609024047852,33,1435.82042355303,"1%","2yr",-0.317007480677017,0,0.607136589630673,"Seattle","low",2.25
33.6723594665527,33,1401.23243483175,"5%","2yr",-1.55798827671751,0,3.00144661769578,"Seattle","low",2.25
34.159351348877,33,1353.96006315136,"10%","2yr",-3.02678691926785,0,6.27381710667855,"Seattle","low",2.25
34.559326171875,33,1311.00352065645,"15%","2yr",-4.2331365493069,0,9.24742974704812,"Seattle","low",2.25
31.8865585327148,34,1271.8810377246,"20%","2yr",3.82810147690993,5,11.9556344351372,"Seattle","low",2.25
71.6826324462891,33,2157.01337734705,"1%","10yr",-0.0379897057267139,0,0.399882865825358,"Seattle","low",3.08
71.7845001220703,33,2122.28156489174,"5%","10yr",-0.18015297670852,0,2.00362469939977,"Seattle","low",3.08
71.8947677612305,33,2079.43325518021,"10%","10yr",-0.334038967983239,0,3.98214588572544,"Seattle","low",3.08
71.9805526733398,33,2037.14802658619,"15%","10yr",-0.453757648249822,0,5.93466679507188,"Seattle","low",3.08
72.0303573608398,33,1995.20782321124,"20%","10yr",-0.523263477561478,0,7.87125616101912,"Seattle","low",3.08
130.737258911133,33,3050.57898127303,"1%","50yr",0.0600712900408683,0,0.277530266742856,"Seattle","low",4.01
130.347595214844,33,3016.36017347054,"5%","50yr",0.357943238346432,0,1.39613235714605,"Seattle","low",4.01
129.776107788086,33,2974.2428852382,"10%","50yr",0.794807321045586,0,2.77293329453503,"Seattle","low",4.01
129.195419311523,33,2933.33160197629,"15%","50yr",1.23870499362719,0,4.11031030784286,"Seattle","low",4.01
128.670837402344,33,2892.64250138499,"20%","50yr",1.63971293155244,0,5.44042423936183,"Seattle","low",4.01
152.526473999023,33,3437.5076685848,"1%","100yr",0.0319426544345835,0,0.249490218927624,"Seattle","low",4.42
152.325286865234,33,3403.50569468371,"5%","100yr",0.163803612080164,0,1.23616852111536,"Seattle","low",4.42
152.064468383789,33,3361.33694108521,"10%","100yr",0.334747817543638,0,2.45983260388195,"Seattle","low",4.42
151.800262451172,33,3319.57085033654,"15%","100yr",0.507912207504444,0,3.67181210921291,"Seattle","low",4.42
151.522994995117,33,3278.23658965125,"20%","100yr",0.689637308860366,0,4.87126065516462,"Seattle","low",4.42
26.4361171722412,49,526.481093876035,"1%","1_month",-0.440236882951847,0,1.75672573187841,"Des_Moines","low",0.76
22.4862937927246,50,489.972360417545,"5%","1_month",14.566550736413,5,8.56938729952945,"Des_Moines","low",0.76
13.9735851287842,51,442.26539221546,"10%","1_month",46.909366784283,10,17.4716799290187,"Des_Moines","low",0.76
7.26182985305786,52,405.152806646956,"15%","1_month",72.409718647688,15,24.3970224820869,"Des_Moines","low",0.76
7.16448593139648,52,396.693148595918,"20%","1_month",72.7795629212279,15,25.9756252387481,"Des_Moines","low",0.76
120.994445800781,49,1190.2024184726,"1%","6_month",-0.0222510156756135,0,0.803859081183528,"Des_Moines","low",1.52
121.063095092773,49,1152.38786771419,"5%","6_month",-0.0790011968119996,0,3.95547215774488,"Des_Moines","low",1.52
120.175025939941,49,1105.54872969742,"10%","6_month",0.655137260006902,0,7.85922975654885,"Des_Moines","low",1.52
111.073959350586,49,1065.55944936146,"15%","6_month",8.17869886555139,0,11.1920933315856,"Des_Moines","low",1.52
99.9686965942383,50,1001.00663869195,"20%","6_month",17.3590655481621,5,16.5721779327377,"Des_Moines","low",1.52
324.468780517578,49,2392.01189580113,"1%","2yr",0.0543712399453392,0,0.378812919902611,"Des_Moines","low",3.04
323.705963134766,49,2356.44284977164,"5%","2yr",0.289340727095011,0,1.86017285585648,"Des_Moines","low",3.04
322.737609863281,49,2312.21221360851,"10%","2yr",0.587621123828337,0,3.70226590213821,"Des_Moines","low",3.04
321.7373046875,49,2269.43174613402,"15%","2yr",0.895743617418989,0,5.48396312577321,"Des_Moines","low",3.04
320.74560546875,49,2226.62368311578,"20%","2yr",1.2012152310538,0,7.26680963333532,"Des_Moines","low",3.04
514.833801269531,49,3551.58215840676,"1%","10yr",0.0459182415932291,0,0.249613658325676,"Des_Moines","low",4.39
513.629760742188,49,3517.31204999726,"5%","10yr",0.279680603376359,0,1.2121301935906,"Des_Moines","low",4.39
512.013366699219,49,3474.42729280637,"10%","10yr",0.593500678760485,0,2.41659933077047,"Des_Moines","low",4.39
510.568023681641,49,3432.84889486436,"15%","10yr",0.874111496837507,0,3.58437782305922,"Des_Moines","low",4.39
508.865112304688,49,3390.81545363556,"20%","10yr",1.20472876124316,0,4.76493674436098,"Des_Moines","low",4.39
725.122253417969,49,5261.66532952222,"1%","50yr",0.0297965052679481,0,0.305319903483856,"Des_Moines","low",6.21
724.742248535156,49,5265.78632913177,"5%","50yr",0.0821865198960884,0,0.227237830219657,"Des_Moines","low",6.21
723.610290527344,49,5242.25728638536,"10%","50yr",0.238245821420902,0,0.673051131270732,"Des_Moines","low",6.21
722.577514648438,49,5183.63702746756,"15%","50yr",0.380631211321763,0,1.78375042398216,"Des_Moines","low",6.21
721.951293945312,49,5122.67899659593,"20%","50yr",0.466966185636688,0,2.93874432923171,"Des_Moines","low",6.21
800.668701171875,49,6211.63922795059,"1%","100yr",0.0294314487299133,0,0.167968631102613,"Des_Moines","low",7.1
799.775756835938,49,6146.75749258399,"5%","100yr",0.140923446378446,0,1.21073290035393,"Des_Moines","low",7.1
798.68408203125,49,6126.06279617861,"10%","100yr",0.277228700646501,0,1.54333328245837,"Des_Moines","low",7.1
797.585815429688,49,6068.89721984752,"15%","100yr",0.414356999053042,0,2.46208522539602,"Des_Moines","low",7.1
796.508239746094,49,6005.95440559624,"20%","100yr",0.548901853358226,0,3.47368760218979,"Des_Moines","low",7.1
65.5559997558594,49,813.656765182574,"1%","1_month",-0.169876744932143,0,1.17693660233806,"Tampa","low",1.08
65.8984527587891,49,776.010829369602,"5%","1_month",-0.693146548186613,0,5.74924136363982,"Tampa","low",1.08
55.555347442627,49,728.03217000531,"10%","1_month",15.1111671460334,0,11.5765119020079,"Tampa","low",1.08
47.8490180969238,50,679.640339058039,"15%","1_month",26.886474724131,5,17.4539643884479,"Tampa","low",1.08
42.9929428100586,51,643.580295020338,"20%","1_month",34.3065806604442,10,21.8336539216144,"Tampa","low",1.08
207.233993530273,49,1713.39725781774,"1%","6_month",0.0440706469840347,0,0.531686287387948,"Tampa","low",2.16
206.880310058594,49,1677.31491799881,"5%","6_month",0.214664088273771,0,2.62638410496545,"Tampa","low",2.16
206.390747070312,49,1633.45831310533,"10%","6_month",0.450796793323164,0,5.17240343236379,"Tampa","low",2.16
205.355377197266,49,1587.23474434564,"15%","6_month",0.950190527534035,0,7.85583275228756,"Tampa","low",2.16
201.232559204102,49,1551.43238475595,"20%","6_month",2.93876439536257,0,9.93427680200795,"Tampa","low",2.16
504.682983398438,49,3487.87271075315,"1%","2yr",0.0695149591309567,0,0.256134953336932,"Tampa","low",4.32
503.616821289062,49,3453.29673760684,"5%","2yr",0.280621931679557,0,1.24491564729122,"Tampa","low",4.32
502.227874755859,49,3410.95378198316,"10%","2yr",0.555642301544581,0,2.45581134264833,"Tampa","low",4.32
500.390319824219,49,3368.42947674698,"15%","2yr",0.919490027044606,0,3.67189315366286,"Tampa","low",4.32
499.094879150391,49,3327.06812751725,"20%","2yr",1.17599563380312,0,4.85471752193735,"Tampa","low",4.32
727.666198730469,49,5319.14508890475,"1%","10yr",0.0362892072057554,0,1.84748476138211,"Tampa","low",6.24
726.613220214844,49,5269.06974553449,"5%","10yr",0.180942950901155,0,2.77150935952304,"Tampa","low",6.24
725.471313476562,49,5273.49589927394,"10%","10yr",0.337813278445628,0,2.68983493344552,"Tampa","low",6.24
724.81689453125,49,5148.28196319224,"15%","10yr",0.427714590751568,0,5.00036840525877,"Tampa","low",6.24
723.990783691406,49,5100.20600659194,"20%","10yr",0.541202210790824,0,5.8874989467184,"Tampa","low",6.24
948.801513671875,49,8443.29585822671,"1%","50yr",0.0253197918001819,0,0.358520715302882,"Tampa","low",9.54
947.839172363281,49,8442.9533436868,"5%","50yr",0.126721152560524,0,0.362562816397773,"Tampa","low",9.54
946.639343261719,49,8456.08660375214,"10%","50yr",0.253146468081981,0,0.207573878107097,"Tampa","low",9.54
945.428405761719,49,8349.23018166659,"15%","50yr",0.380742269279748,0,1.46861366001871,"Tampa","low",9.54
944.22216796875,49,8348.76349199725,"20%","50yr",0.507842864999076,0,1.47412118336045,"Tampa","low",9.54
1048.03845214844,49,10258.6924407686,"1%","100yr",0.023662126263295,0,0.235948642687915,"Tampa","low",11.4
1047.06555175781,49,10171.5845990552,"5%","100yr",0.116470761262537,0,1.08305769138003,"Tampa","low",11.4
1045.77062988281,49,10171.4295995907,"10%","100yr",0.239998239314227,0,1.08456503499395,"Tampa","low",11.4
1044.44189453125,49,10121.144943712,"15%","100yr",0.366751312333895,0,1.57357482064923,"Tampa","low",11.4
1043.22668457031,49,10099.4684603665,"20%","100yr",0.482674770479122,0,1.78437496016176,"Tampa","low",11.4
6.43063449859619,50,286.175978443332,"1%","1_month",13.170318324425,5,3.06188240007357,"Elko","low",0.2875
2.279944896698,63,252.492315849778,"5%","1_month",69.2150300780809,70,14.4717528701655,"Elko","low",0.2875
2.17025709152222,81,251.099913450771,"10%","1_month",70.696090338804,160,14.943409744497,"Elko","low",0.2875
2.15940356254578,82,249.726948516247,"15%","1_month",70.8426401802367,165,15.4084824490875,"Elko","low",0.2875
2.16389966011047,82,248.739143461678,"20%","1_month",70.7819315953513,165,15.7430876212841,"Elko","low",0.2875
17.2197322845459,49,423.28276827218,"1%","6_month",-0.276891361598193,0,2.1790924338337,"Elko","low",0.575
12.0981998443604,50,385.989329769644,"5%","6_month",29.5476926460347,5,10.7976289631434,"Elko","low",0.575
5.45431852340698,56,346.342422127511,"10%","6_month",68.2374791323501,35,19.9600536552149,"Elko","low",0.575
4.43973445892334,54,334.499060697563,"15%","6_month",74.1457786535187,25,22.6970617513411,"Elko","low",0.575
4.40895080566406,54,332.946865852124,"20%","6_month",74.3250432903077,25,23.0557749328867,"Elko","low",0.575
72.2421875,49,864.842527532243,"1%","2yr",-0.154988087399616,0,1.11161365729089,"Elko","low",1.15
72.6612396240234,49,827.209852020395,"5%","2yr",-0.735952783264714,0,5.41463349807536,"Elko","low",1.15
64.5233306884766,49,782.351019487173,"10%","2yr",10.5462661071314,0,10.5439112812644,"Elko","low",1.15
55.3655395507812,50,728.047814874877,"15%","2yr",23.2424273675136,5,16.7530835945994,"Elko","low",1.15
49.4795341491699,51,694.506764704578,"20%","2yr",31.4026564702211,10,20.5882561514405,"Elko","low",1.15
147.371215820312,49,1367.64345303905,"1%","10yr",0.0204966822289624,0,0.689546710931694,"Elko","low",1.72
147.236846923828,49,1330.55954148673,"5%","10yr",0.111655158849287,0,3.3823684824317,"Elko","low",1.72
146.934265136719,49,1284.38781786072,"10%","10yr",0.31693253693026,0,6.73509524191542,"Elko","low",1.72
142.219207763672,49,1242.79401246423,"15%","10yr",3.51571929897206,0,9.7553997363098,"Elko","low",1.72
130.742492675781,49,1189.04831625748,"20%","10yr",11.3017463587333,0,13.6581051093865,"Elko","low",1.72
235.4375,49,1868.13767595111,"1%","50yr",0.0412995407426286,0,0.497584649890763,"Elko","low",2.36
235.018478393555,49,1831.253245134,"5%","50yr",0.219201766363542,0,2.46215610646099,"Elko","low",2.36
234.464599609375,49,1787.44100064534,"10%","50yr",0.454359731762236,0,4.79572295469186,"Elko","low",2.36
233.745300292969,49,1744.70178616773,"15%","50yr",0.759749590681061,0,7.0721371212888,"Elko","low",2.36
231.340270996094,49,1701.70129369515,"20%","50yr",1.78084267518148,0,9.36246770952458,"Elko","low",2.36
272.931793212891,49,2083.61143057716,"1%","100yr",0.0496319235751078,0,0.439653155682784,"Elko","low",2.64
272.288940429688,49,2047.04349609817,"5%","100yr",0.285051079195384,0,2.18696370825531,"Elko","low",2.64
271.499328613281,49,2002.28014903468,"10%","100yr",0.574214869013519,0,4.32587228504265,"Elko","low",2.64
270.662994384766,49,1958.20492218793,"15%","100yr",0.880488876123592,0,6.4319006969185,"Elko","low",2.64
269.542633056641,49,1912.02187255962,"20%","100yr",1.29077646411939,0,8.63864633665075,"Elko","low",2.64
11.146201133728,41,440.17775080913,"1%","1_month",0.0767316079679128,0,2.16553734906554,"Los_Angeles","low",0.61
7.60047197341919,43,401.516076224505,"5%","1_month",31.8634221835482,10,10.7585299553916,"Los_Angeles","low",0.61
3.60263419151306,60,358.306645950076,"10%","1_month",67.7031681989335,95,20.3623124832024,"Los_Angeles","low",0.61
3.52645778656006,55,345.091288175729,"15%","1_month",68.3860730977358,70,23.2995745874694,"Los_Angeles","low",0.61
3.50406408309937,56,343.447941632677,"20%","1_month",68.5868277776799,75,23.6648268649714,"Los_Angeles","low",0.61
34.1937713623047,41,850.22757453659,"1%","6_month",-0.261927066001885,0,1.12795307005678,"Los_Angeles","low",1.22
34.5208549499512,41,812.378408157127,"5%","6_month",-1.22099152430993,0,5.52939177494607,"Los_Angeles","low",1.22
32.0893363952637,42,766.765421741695,"10%","6_month",5.90863256443454,5,10.8336767317584,"Los_Angeles","low",1.22
26.4950408935547,44,723.520387640454,"15%","6_month",22.3120541594079,15,15.8625950698578,"Los_Angeles","low",1.22
20.1444435119629,44,678.051387303638,"20%","6_month",40.9330809175333,15,21.1501360410026,"Los_Angeles","low",1.22
104.375274658203,41,1686.67475152853,"1%","2yr",-0.103002949014601,0,0.532177163854734,"Los_Angeles","low",2.44
104.781547546387,41,1651.15637820118,"5%","2yr",-0.492646341639204,0,2.62679277504577,"Los_Angeles","low",2.44
105.227844238281,41,1607.54735202415,"10%","2yr",-0.920675290172778,0,5.19853631119742,"Los_Angeles","low",2.44
105.591674804688,41,1564.68644254126,"15%","2yr",-1.26961360320882,0,7.72616135993679,"Los_Angeles","low",2.44
104.071334838867,41,1522.86707936681,"20%","2yr",0.188496055236566,0,10.1923635744346,"Los_Angeles","low",2.44
239.047225952148,41,3034.09155930196,"1%","10yr",0.0415945721731227,0,0.290461508466509,"Los_Angeles","low",3.94
238.669403076172,41,2999.17930865569,"5%","10yr",0.199582484671772,0,1.43778495985288,"Los_Angeles","low",3.94
238.18522644043,41,2956.12201044112,"10%","10yr",0.402042581254891,0,2.85277961303157,"Los_Angeles","low",3.94
237.665740966797,41,2913.61437640962,"15%","10yr",0.619267187733487,0,4.24971061818024,"Los_Angeles","low",3.94
237.136840820312,41,2871.3295537114,"20%","10yr",0.840428571483262,0,5.63931936070785,"Los_Angeles","low",3.94
387.566101074219,41,4597.18941621599,"1%","50yr",0.0491499653195641,0,0.185659421440312,"Los_Angeles","low",5.57
386.773986816406,41,4564.01772224791,"5%","50yr",0.253431230305089,0,0.905884424051469,"Los_Angeles","low",5.57
385.794036865234,41,4522.23505206718,"10%","50yr",0.506154134448648,0,1.81307124932995,"Los_Angeles","low",5.57
384.806243896484,41,4481.19969875804,"15%","50yr",0.760899703297912,0,2.70403230403713,"Los_Angeles","low",5.57
383.815795898438,41,4440.0907762257,"20%","50yr",1.01632998743665,0,3.59659069634227,"Los_Angeles","low",5.57
439.593109130859,41,5284.60332873472,"1%","100yr",0.0810819659668003,0,0.145215690657257,"Los_Angeles","low",6.29
438.525909423828,41,5250.45204388751,"5%","100yr",0.323655013264174,0,0.790518463670196,"Los_Angeles","low",6.29
437.164825439453,41,5207.40423892499,"10%","100yr",0.633027558573379,0,1.60392469534518,"Los_Angeles","low",6.29
436.040161132812,41,5165.44864422852,"15%","100yr",0.888662231494458,0,2.39669315843982,"Los_Angeles","low",6.29
434.91943359375,41,5123.66686536559,"20%","100yr",1.14340208247955,0,3.1861772988545,"Los_Angeles","low",6.29
20.0950889587402,49,462.541422482763,"1%","1_month",-0.392685473134063,0,1.99762315085541,"Columbus","low",0.655
15.8405733108521,50,426.611074877526,"5%","1_month",20.8623710312658,5,9.61047530889184,"Columbus","low",0.655
7.74544858932495,52,383.579059073888,"10%","1_month",61.3046557956031,15,18.7280151104729,"Columbus","low",0.655
4.70395517349243,53,358.410764085045,"15%","1_month",76.4995968327501,20,24.0606244947469,"Columbus","low",0.655
4.69429397583008,53,356.628287760956,"20%","1_month",76.5478630325267,20,24.4382921109799,"Columbus","low",0.655
93.9780349731445,49,1004.82306871899,"1%","6_month",-0.0724024425425444,0,0.94879385454356,"Columbus","low",1.31
94.2056884765625,49,967.021712661348,"5%","6_month",-0.314819013797816,0,4.67509157600872,"Columbus","low",1.31
90.647102355957,49,923.913988021526,"10%","6_month",3.47453732345101,0,8.9244686580895,"Columbus","low",1.31
76.8347778320312,49,868.958012559635,"15%","6_month",18.1825752050719,0,14.3417961696285,"Columbus","low",1.31
71.3261795043945,50,825.212797539472,"20%","6_month",24.0483997979686,5,18.6540143558247,"Columbus","low",1.31
270.329742431641,49,2069.36937063248,"1%","2yr",0.061453502251678,0,0.448932344014542,"Columbus","low",2.62
269.714172363281,49,2032.91980676404,"5%","2yr",0.289024384190102,0,2.20241002189708,"Columbus","low",2.62
268.923889160156,49,1988.27406110335,"10%","2yr",0.581185187257745,0,4.3501810819574,"Columbus","low",2.62
268.108093261719,49,1944.44122652756,"15%","2yr",0.882777811122599,0,6.45884546171209,"Columbus","low",2.62
266.952819824219,49,1898.24295921698,"20%","2yr",1.30987231841827,0,8.68130361727039,"Columbus","low",2.62
413.385070800781,49,2954.71343557071,"1%","10yr",0.0734595478232132,0,0.303783460592761,"Columbus","low",3.73
412.325042724609,49,2919.18962321718,"5%","10yr",0.329697486529711,0,1.50240720733791,"Columbus","low",3.73
410.809020996094,49,2875.49256580205,"10%","10yr",0.696161631660637,0,2.97680781950852,"Columbus","low",3.73
409.472747802734,49,2832.93584951209,"15%","10yr",1.01917561243339,0,4.41273170687205,"Columbus","low",3.73
408.020080566406,49,2790.74018968438,"20%","10yr",1.37032523443909,0,5.83647303777839,"Columbus","low",3.73
597.86181640625,49,4143.33302560591,"1%","50yr",0.0482954206288282,0,0.206512455672495,"Columbus","low",5.03
596.689758300781,49,4108.25009801088,"5%","50yr",0.2442423807673,0,1.05149587272746,"Columbus","low",5.03
595.304382324219,49,4065.35905204206,"10%","50yr",0.475852238665704,0,2.0845402925703,"Columbus","low",5.03
595.163513183594,49,4024.19539950606,"15%","50yr",0.499403016356668,0,3.07597989475601,"Columbus","low",5.03
593.101806640625,49,3980.47594786959,"20%","50yr",0.844083137510522,0,4.12897672734617,"Columbus","low",5.03
672.915222167969,49,4757.39749915314,"1%","100yr",-0.375608157732848,0,0.0850698483518626,"Columbus","low",5.65
670.533508300781,49,4704.97204389743,"5%","100yr",-0.020339068847566,0,1.18611000759341,"Columbus","low",5.65
670.362854003906,49,4651.26453577083,"10%","100yr",0.00511663236004121,0,2.3140758595205,"Columbus","low",5.65
667.117919921875,49,4604.41115405475,"15%","100yr",0.489148232754331,0,3.29809125078514,"Columbus","low",5.65
664.4130859375,49,4551.39076359837,"20%","100yr",0.89261563429808,0,4.41162624759911,"Columbus","low",5.65
14.2033376693726,49,381.71143026728,"1%","1_month",-0.0875724651900963,0,2.39943797929116,"Colorado_Springs","low",0.49
8.18282318115234,51,344.649632726763,"5%","1_month",42.3375739436601,10,11.8758434066039,"Colorado_Springs","low",0.49
3.83686423301697,54,310.343927355794,"10%","1_month",72.9625221972107,25,20.6475380932915,"Colorado_Springs","low",0.49
3.81870007514954,54,309.119121309624,"15%","1_month",73.0905207359447,25,20.9607112104518,"Colorado_Springs","low",0.49
3.80256986618042,54,307.75858898437,"20%","1_month",73.2041865162462,25,21.3085884524279,"Colorado_Springs","low",0.49
53.6620292663574,49,732.945836832637,"1%","6_month",-0.217587731306295,0,1.31493576759416,"Colorado_Springs","low",0.98
53.7318267822266,49,695.586378052803,"5%","6_month",-0.347939467266981,0,6.34507633747319,"Colorado_Springs","low",0.98
42.6514892578125,50,642.889546564932,"10%","6_month",20.3453647764774,5,13.4402666488036,"Colorado_Springs","low",0.98
35.889102935791,51,604.05451382376,"15%","6_month",32.9745935582718,10,18.6690809866974,"Colorado_Springs","low",0.98
29.0513648986816,51,564.488129917598,"20%","6_month",45.7445469310063,10,23.9963656795161,"Colorado_Springs","low",0.98
175.177825927734,49,1552.46783994312,"1%","2yr",0.0214840805749687,0,0.596881814840385,"Colorado_Springs","low",1.96
175.006088256836,49,1516.02093931895,"5%","2yr",0.119499211045691,0,2.93054405054866,"Colorado_Springs","low",1.96
174.676315307617,49,1471.88434838197,"10%","2yr",0.307709162154821,0,5.7565702343566,"Colorado_Springs","low",1.96
172.211654663086,49,1426.37404420993,"15%","2yr",1.71435473604669,0,8.67055403992189,"Colorado_Springs","low",1.96
169.597457885742,49,1392.61231920787,"20%","2yr",3.2063444484204,0,10.8322868978715,"Colorado_Springs","low",1.96
318.401977539062,49,2353.77923991136,"1%","10yr",0.0585659671766204,0,0.390413423038306,"Colorado_Springs","low",2.99
317.633361816406,49,2318.07674105415,"5%","10yr",0.299822501247664,0,1.90130751651501,"Colorado_Springs","low",2.99
316.649353027344,49,2273.47436517645,"10%","10yr",0.608687572501008,0,3.78883551667503,"Colorado_Springs","low",2.99
315.623138427734,49,2230.00910202357,"15%","10yr",0.93080039197242,0,5.62824204202135,"Colorado_Springs","low",2.99
314.634765625,49,2187.80110920192,"20%","10yr",1.24103525931773,0,7.41444214265892,"Colorado_Springs","low",2.99
527.577941894531,49,3632.64454269092,"1%","50yr",0.00118001758226198,0,0.222230974582641,"Colorado_Springs","low",4.48
525.960205078125,49,3597.11466976775,"5%","50yr",0.307811056972984,0,1.19812922511861,"Colorado_Springs","low",4.48
524.3125,49,3554.05423368501,"10%","50yr",0.62012237707832,0,2.38086929095904,"Colorado_Springs","low",4.48
522.800231933594,49,3511.03862559864,"15%","50yr",0.906762530369546,0,3.56237806719349,"Colorado_Springs","low",4.48
521.416687011719,49,3469.92380841549,"20%","50yr",1.16900408482753,0,4.69167786083194,"Colorado_Springs","low",4.48
623.794860839844,49,4347.35971595883,"1%","100yr",0.125240995591646,0,0.0380461546351528,"Colorado_Springs","low",5.25
623.337951660156,49,4309.41307843678,"5%","100yr",0.198395965394944,0,0.910580353873613,"Colorado_Springs","low",5.25
622.726440429688,49,4237.06957639232,"10%","100yr",0.296304012744561,0,2.57402628079662,"Colorado_Springs","low",5.25
620.404235839844,49,4221.98749201361,"15%","100yr",0.668108332288518,0,2.92081944286741,"Colorado_Springs","low",5.25
619.323486328125,49,4200.58555873724,"20%","100yr",0.84114534141315,0,3.41292941447152,"Colorado_Springs","low",5.25
74.1176300048828,50,990.62398701778,"1%","1_month",0.0343689076223446,0,1.38339806206637,"New_Orleans","med",1.3425
73.97216796875,50,938.022672893559,"5%","1_month",0.230559803648579,0,6.61985803515545,"New_Orleans","med",1.3425
72.1390380859375,50,878.33186910009,"10%","1_month",2.70298081330007,0,12.5620765905296,"New_Orleans","med",1.3425
61.6153106689453,50,836.241168702912,"15%","1_month",16.8967839963548,0,16.7522051365315,"New_Orleans","med",1.3425
56.08447265625,51,787.398516514773,"20%","1_month",24.3564627849558,5,21.6144903744763,"New_Orleans","med",1.3425
247.440841674805,49,2171.49784169338,"1%","6_month",-0.0386057393495692,0,0.630611636532681,"New_Orleans","med",2.685
247.800064086914,49,2118.58086085102,"5%","6_month",-0.183836854045567,0,3.052132818541,"New_Orleans","med",2.685
248.160629272461,49,2055.42788261486,"10%","6_month",-0.329610842672976,0,5.94206100551307,"New_Orleans","med",2.685
248.37760925293,49,1994.51852818939,"15%","6_month",-0.417334334771229,0,8.72931926507129,"New_Orleans","med",2.685
245.503967285156,49,1942.2378077202,"20%","6_month",0.744459061599226,0,11.1217246897866,"New_Orleans","med",2.685
544.143920898438,49,4458.66730888014,"1%","2yr",-0.0975122968227159,0,0.2923732867458,"New_Orleans","med",5.37
545.519714355469,49,4408.79913353825,"5%","2yr",-0.350595161840659,0,1.40755795234235,"New_Orleans","med",5.37
544.397521972656,49,4341.84625085787,"10%","2yr",-0.144163257478834,0,2.90480198765679,"New_Orleans","med",5.37
545.318786621094,49,4277.44730053967,"15%","2yr",-0.313633678692659,0,4.34493332157885,"New_Orleans","med",5.37
544.951599121094,49,4215.85837454821,"20%","2yr",-0.246088027836533,0,5.72222505855051,"New_Orleans","med",5.37
779.762268066406,49,7058.43343657309,"1%","10yr",-0.0102940980765302,0,-0.505835231790906,"New_Orleans","med",8.13
780.080261230469,49,6951.40414595603,"5%","10yr",-0.0510790798093987,0,1.01816699113808,"New_Orleans","med",8.13
780.468139648438,49,6944.01303291601,"10%","10yr",-0.10082736366974,0,1.12340988902111,"New_Orleans","med",8.13
780.822692871094,49,6923.41563728006,"15%","10yr",-0.146301444070169,0,1.416698544442,"New_Orleans","med",8.13
781.144409179688,49,6933.27962674291,"20%","10yr",-0.187563946702405,0,1.27624407836407,"New_Orleans","med",8.13
1011.52142333984,49,10739.1349315544,"1%","50yr",-0.00540675220076236,0,-0.330179328495173,"New_Orleans","med",11.9
1011.74786376953,49,10666.5060693226,"5%","50yr",-0.027794085532044,0,0.348354540255911,"New_Orleans","med",11.9
1011.99969482422,49,10552.2362777583,"10%","50yr",-0.0526916966708225,0,1.4159180593421,"New_Orleans","med",11.9
1012.23504638672,49,10511.6908964315,"15%","50yr",-0.0759600409633891,0,1.79471257169204,"New_Orleans","med",11.9
1012.44116210938,49,10439.7785737762,"20%","50yr",-0.0963379451843428,0,2.4665521820439,"New_Orleans","med",11.9
1107.76098632812,49,12282.6334370496,"1%","100yr",-0.0014876618286802,0,0.144045869974395,"New_Orleans","med",13.8
1107.97802734375,49,12180.594194178,"5%","100yr",-0.0210807190982609,0,0.973609497991488,"New_Orleans","med",13.8
1108.26098632812,49,12174.1199396441,"10%","100yr",-0.0466244236825625,0,1.02624420919414,"New_Orleans","med",13.8
1108.44665527344,49,12056.1920560155,"15%","100yr",-0.0633854136190261,0,1.98498008604156,"New_Orleans","med",13.8
1108.67041015625,49,12016.4553507614,"20%","100yr",-0.0835845553373284,0,2.3080334961651,"New_Orleans","med",13.8
45.9724502563477,49,681.687895278393,"1%","1_month",-0.121427763191935,0,1.98463054253449,"Atlanta","med",0.9375
43.546516418457,49,631.586401626793,"5%","1_month",5.16190949976181,0,9.1883911559262,"Atlanta","med",0.9375
33.7841835021973,50,571.548166635129,"10%","1_month",26.4228756746195,5,17.8208897304812,"Atlanta","med",0.9375
25.7859077453613,51,535.923050281291,"15%","1_month",43.8419774182244,10,22.9431883154673,"Atlanta","med",0.9375
22.1916599273682,51,520.230247928403,"20%","1_month",51.6697355922088,10,25.1995520137154,"Atlanta","med",0.9375
162.980743408203,49,1483.65870105738,"1%","6_month",0.0496518382409362,0,0.919022223902865,"Atlanta","med",1.875
162.619064331055,49,1430.62327943922,"5%","6_month",0.271456874393389,0,4.4608080988821,"Atlanta","med",1.875
161.586166381836,49,1366.75506990051,"10%","6_month",0.90489679791496,0,8.72602397730066,"Atlanta","med",1.875
159.540481567383,49,1319.58585180916,"15%","6_month",2.1594432256589,0,11.8760558856458,"Atlanta","med",1.875
146.790084838867,49,1254.85539157008,"20%","6_month",9.97881234599602,0,16.1988541732941,"Atlanta","med",1.875
416.999053955078,49,2968.2697974941,"1%","2yr",0.0930032255010165,0,0.476381495265583,"Atlanta","med",3.75
415.623016357422,49,2914.76005595784,"5%","2yr",0.422682112123724,0,2.27051864123442,"Atlanta","med",3.75
413.871673583984,49,2850.59619893787,"10%","2yr",0.84227873987941,0,4.42187942159179,"Atlanta","med",3.75
412.121124267578,49,2789.07654091494,"15%","2yr",1.26168526670247,0,6.48458240795242,"Atlanta","med",3.75
410.617706298828,49,2728.07683674854,"20%","2yr",1.62188266458628,0,8.52985177379102,"Atlanta","med",3.75
614.185119628906,49,4262.98896366169,"1%","10yr",-0.0152664578329203,0,0.320489321333406,"Atlanta","med",5.16
612.685974121094,49,4210.83038670906,"5%","10yr",0.228857720091682,0,1.54008934203528,"Atlanta","med",5.16
611.682067871094,49,4146.53961860426,"10%","10yr",0.392336039385871,0,3.04337080967886,"Atlanta","med",5.16
609.138732910156,49,4081.8672119062,"15%","10yr",0.806498342704745,0,4.55557595705908,"Atlanta","med",5.16
607.005432128906,49,4023.26123339801,"20%","10yr",1.1538897712049,0,5.9259326036133,"Atlanta","med",5.16
787.894226074219,49,5988.79650174144,"1%","50yr",0.0286000784353085,0,0.523031116067564,"Atlanta","med",6.92
787.017578125,49,5896.98233896762,"5%","50yr",0.139832931553732,0,2.04811125707735,"Atlanta","med",6.92
786.037536621094,49,5898.64331062662,"10%","50yr",0.264184802508443,0,2.02052166942125,"Atlanta","med",6.92
785.146057128906,49,5750.11661237539,"15%","50yr",0.377299545434551,0,4.48762599264799,"Atlanta","med",6.92
784.310668945312,49,5753.7993729768,"20%","50yr",0.48329718246246,0,4.42645345795801,"Atlanta","med",6.92
844.831115722656,49,6800.30218002246,"1%","100yr",0.0332868179723106,0,0.242930262083867,"Atlanta","med",7.75
843.856323242188,49,6769.90327653325,"5%","100yr",0.148631528285995,0,0.688867141806366,"Atlanta","med",7.75
842.579650878906,49,6605.29199452861,"10%","100yr",0.29969691590301,0,3.10363323658752,"Atlanta","med",7.75
841.254577636719,49,6584.31276535125,"15%","100yr",0.45648945618916,0,3.41138815286787,"Atlanta","med",7.75
839.988830566406,49,6589.04475628391,"20%","100yr",0.606262081728274,0,3.34197218619873,"Atlanta","med",7.75
5.95943021774292,34,413.010092556943,"1%","1_month",1.78422240979889,0,3.37501068592758,"Seattle","med",0.5625
3.35583710670471,47,358.788929039395,"5%","1_month",44.6933450248729,65,16.0602196914613,"Seattle","med",0.5625
2.47107696533203,87,335.358057047511,"10%","1_month",59.2748405858103,265,21.5419447065058,"Seattle","med",0.5625
2.45525979995728,88,334.45661972472,"15%","1_month",59.5355190634153,270,21.75283875789,"Seattle","med",0.5625
2.44136834144592,88,332.30333942835,"20%","1_month",59.7644604805817,270,22.2566053470764,"Seattle","med",0.5625
13.6898365020752,33,708.232999687561,"1%","6_month",0.33046509029831,0,1.97894506344527,"Seattle","med",1.125
13.4227304458618,33,652.94083499898,"5%","6_month",2.27514400522301,0,9.6315061766544,"Seattle","med",1.125
7.75714778900146,37,586.549490751391,"10%","6_month",43.5237000647599,20,18.8202189373921,"Seattle","med",1.125
4.80837488174438,41,523.636979504103,"15%","6_month",64.9923877423732,40,27.5274533134908,"Seattle","med",1.125
4.76259756088257,41,520.22057361885,"20%","6_month",65.3256718016107,40,28.0002916436896,"Seattle","med",1.125
33.204948425293,33,1431.02786654447,"1%","2yr",-0.148246702301868,0,0.938895322355694,"Seattle","med",2.25
33.3844795227051,33,1377.95094492306,"5%","2yr",-0.689723966596227,0,4.61307848232593,"Seattle","med",2.25
33.5563278198242,33,1308.74111001873,"10%","2yr",-1.20802941417068,0,9.40404227867431,"Seattle","med",2.25
31.954122543335,33,1248.73542397104,"15%","2yr",3.62432410261272,0,13.5578604437793,"Seattle","med",2.25
26.4633903503418,35,1181.10454059897,"20%","2yr",20.184723329774,10,18.2395233056912,"Seattle","med",2.25
71.6320571899414,33,2152.20866691043,"1%","10yr",0.0325915048288877,0,0.621740424664868,"Seattle","med",3.08
71.5205078125,33,2098.74787992279,"5%","10yr",0.188266249063833,0,3.0902928694363,"Seattle","med",3.08
71.3422698974609,33,2033.67719195733,"10%","10yr",0.437009383925797,0,6.09493262337802,"Seattle","med",3.08
71.1199035644531,33,1969.86664402546,"15%","10yr",0.747336727846987,0,9.04138539699353,"Seattle","med",3.08
70.8850631713867,33,1907.17433732181,"20%","10yr",1.07507247111324,0,11.9362033692286,"Seattle","med",3.08
130.720733642578,33,3045.87099977598,"1%","50yr",0.0727037574416956,0,0.431432704682134,"Seattle","med",4.01
130.331039428711,33,2993.56515494661,"5%","50yr",0.370599034403586,0,2.14129436041704,"Seattle","med",4.01
129.836959838867,33,2930.54020727304,"10%","50yr",0.748289980330443,0,4.2015601248506,"Seattle","med",4.01
129.350509643555,33,2869.15059697523,"15%","50yr",1.12014876217566,0,6.20836722358223,"Seattle","med",4.01
128.928115844727,33,2806.944042475,"20%","50yr",1.44304069439145,0,8.24187997196239,"Seattle","med",4.01
152.477401733398,33,3432.7456315758,"1%","100yr",0.0641053271526864,0,0.387676272615679,"Seattle","med",4.42
152.077819824219,33,3380.34878623119,"5%","100yr",0.325997090358209,0,1.90814183602656,"Seattle","med",4.42
151.562530517578,33,3315.7494185785,"10%","100yr",0.663725155560427,0,3.78270343010848,"Seattle","med",4.42
151.026107788086,33,3252.06027981042,"15%","100yr",1.0153043717933,0,5.63085176085804,"Seattle","med",4.42
150.469207763672,33,3189.36053822531,"20%","100yr",1.38030470332085,0,7.45028950158333,"Seattle","med",4.42
26.3526058197021,49,522.447200588853,"1%","1_month",-0.1229474725294,0,2.50946479352884,"Des_Moines","med",0.76
21.2262401580811,50,472.832887694538,"5%","1_month",19.3539438593984,5,11.7676748337326,"Des_Moines","med",0.76
12.0054512023926,51,426.195851595609,"10%","1_month",54.3870094538244,10,20.4703142671596,"Des_Moines","med",0.76
7.26179838180542,52,402.623606808318,"15%","1_month",72.4098382181994,15,24.8689803098541,"Des_Moines","med",0.76
7.16448593139648,52,401.199697954286,"20%","1_month",72.7795629212279,15,25.1346868465307,"Des_Moines","med",0.76
120.940422058105,49,1185.70775888486,"1%","6_month",0.0224086901064214,0,1.17846165208052,"Des_Moines","med",1.52
120.753158569336,49,1131.85226991298,"5%","6_month",0.177213446273636,0,5.66698947759287,"Des_Moines","med",1.52
116.894119262695,49,1071.39195028896,"10%","6_month",3.36735821410624,0,10.705989812609,"Des_Moines","med",1.52
103.015998840332,49,1011.10445325245,"15%","6_month",14.8399579299391,0,15.7305864348805,"Des_Moines","med",1.52
97.0159378051758,50,954.81499390416,"20%","6_month",19.8000171045223,5,20.4219709045261,"Des_Moines","med",1.52
324.42578125,49,2387.21104584188,"1%","2yr",0.067616239441014,0,0.578756060977236,"Des_Moines","med",3.04
323.470703125,49,2333.74253572669,"5%","2yr",0.361807512838202,0,2.80558296699298,"Des_Moines","med",3.04
322.243255615234,49,2269.49814757992,"10%","2yr",0.739896316752706,0,5.48119767511801,"Des_Moines","med",3.04
320.979370117188,49,2209.10577095434,"15%","2yr",1.12920905920364,0,7.99638594010484,"Des_Moines","med",3.04
319.303527832031,49,2145.01030387575,"20%","2yr",1.6454162290443,0,10.665798466034,"Des_Moines","med",3.04
514.797973632812,49,3546.82777952918,"1%","10yr",0.0528741145778034,0,0.383146013400369,"Des_Moines","med",4.39
513.366943359375,49,3493.9681105737,"5%","10yr",0.330706138421635,0,1.86777234753178,"Des_Moines","med",4.39
511.557922363281,49,3430.43611214803,"10%","10yr",0.681924399733046,0,3.65214367990201,"Des_Moines","med",4.39
509.778289794922,49,3369.60054901246,"15%","10yr",1.0274369492181,0,5.36078243734215,"Des_Moines","med",4.39
508.008422851562,49,3309.80650125633,"20%","10yr",1.37105351969543,0,7.04016900326701,"Des_Moines","med",4.39
725.679809570312,49,5285.11138182017,"1%","50yr",-0.0470719148457785,0,-0.138920947460296,"Des_Moines","med",6.21
724.639099121094,49,5280.26071326081,"5%","50yr",0.0964073879849989,0,-0.0470135721344535,"Des_Moines","med",6.21
723.459289550781,49,5170.9096294201,"10%","50yr",0.259063825948692,0,2.02490104785086,"Des_Moines","med",6.21
722.167907714844,49,5058.13154360183,"15%","50yr",0.437102362649975,0,4.16174831642686,"Des_Moines","med",6.21
721.371704101562,49,5090.29931882341,"20%","50yr",0.546872317809643,0,3.5522538200478,"Des_Moines","med",6.21
800.661254882812,49,6202.85307413118,"1%","100yr",0.0303611837752394,0,0.309177666515459,"Des_Moines","med",7.1
799.679870605469,49,6089.09366462827,"5%","100yr",0.152895690281784,0,2.13749262835342,"Des_Moines","med",7.1
798.477661132812,49,6040.67417556361,"10%","100yr",0.30300217542759,0,2.915679476266,"Des_Moines","med",7.1
797.272827148438,49,5959.95157785304,"15%","100yr",0.453436354072979,0,4.21303442736467,"Des_Moines","med",7.1
796.064636230469,49,5944.76962595223,"20%","100yr",0.60428967556667,0,4.45703525271576,"Des_Moines","med",7.1
65.4904251098633,49,809.360682507117,"1%","1_month",-0.0696783766442092,0,1.6987193352611,"Tampa","med",1.08
65.0302429199219,49,757.136606256542,"5%","1_month",0.633482179495788,0,8.0416189694046,"Tampa","med",1.08
50.982250213623,50,690.966487117279,"10%","1_month",22.0988812756004,5,16.0783417726163,"Tampa","med",1.08
44.1352691650391,50,652.526538770792,"15%","1_month",32.5611006035917,5,20.7470836979603,"Tampa","med",1.08
38.1825790405273,51,616.298039370771,"20%","1_month",41.6568391827264,10,25.147233056034,"Tampa","med",1.08
207.180206298828,49,1708.845090119,"1%","6_month",0.0700140388709289,0,0.795954508120067,"Tampa","med",2.16
206.586288452148,49,1656.3013935857,"5%","6_month",0.35648060409464,0,3.84628791244142,"Tampa","med",2.16
205.72477722168,49,1594.42526542924,"10%","6_month",0.772016463934085,0,7.43839949001437,"Tampa","med",2.16
202.51286315918,49,1536.92027095506,"15%","6_month",2.32123071035215,0,10.7767524635011,"Tampa","med",2.16
193.725036621094,49,1488.57233336244,"20%","6_month",6.5598951960566,0,13.5835083409705,"Tampa","med",2.16
504.871765136719,49,3483.40573800719,"1%","2yr",0.0321349576372068,0,0.383878470285246,"Tampa","med",4.32
503.432220458984,49,3430.95316534789,"5%","2yr",0.317174086389498,0,1.88388227276069,"Tampa","med",4.32
501.495178222656,49,3367.13491000822,"10%","2yr",0.70072093973783,0,3.7089143126309,"Tampa","med",4.32
500.007049560547,49,3306.53931737847,"15%","2yr",0.995380010678619,0,5.44178678674692,"Tampa","med",4.32
497.975402832031,49,3246.32146251633,"20%","2yr",1.3976591635146,0,7.16385696730441,"Tampa","med",4.32
727.596801757812,49,5287.91964405145,"1%","10yr",0.0458226703741805,0,2.42367809707242,"Tampa","med",6.24
726.489562988281,49,5281.08870219572,"5%","10yr",0.197930458710504,0,2.54972732366471,"Tampa","med",6.24
725.899841308594,49,5201.11151058871,"10%","10yr",0.2789439337618,0,4.02552134446005,"Tampa","med",6.24
724.6630859375,49,5233.60160096767,"15%","10yr",0.448844166111666,0,3.42599190171622,"Tampa","med",6.24
723.431091308594,49,5171.38897711578,"20%","10yr",0.618090387795624,0,4.57398192804476,"Tampa","med",6.24
948.786315917969,49,8431.25202756747,"1%","50yr",0.0269211705551337,0,0.500653020423024,"Tampa","med",9.54
947.766479492188,49,8503.53282293413,"5%","50yr",0.134380759376378,0,-0.352351007286298,"Tampa","med",9.54
946.482666015625,49,8373.71709930038,"10%","50yr",0.269655461109938,0,1.17963732457784,"Tampa","med",9.54
945.192321777344,49,8315.44436428187,"15%","50yr",0.405618305521329,0,1.86732867363226,"Tampa","med",9.54
943.898498535156,49,8248.84880817843,"20%","50yr",0.541947730611564,0,2.65323974856736,"Tampa","med",9.54
1048.10729980469,49,10253.4176606554,"1%","100yr",0.0170944888555694,0,0.287244988411813,"Tampa","med",11.4
1047.00451660156,49,10187.1626471652,"5%","100yr",0.122293134850947,0,0.931563804545359,"Tampa","med",11.4
1045.64099121094,49,10148.0914776997,"10%","100yr",0.252364960816008,0,1.31152432872093,"Tampa","med",11.4
1044.21557617188,49,10074.1957349756,"15%","100yr",0.388340673599716,0,2.03014794618241,"Tampa","med",11.4
1042.92810058594,49,9960.64622597431,"20%","100yr",0.51115782207362,0,3.13439774341611,"Tampa","med",11.4
6.20448160171509,50,282.895298740574,"1%","1_month",16.2239491987162,5,4.17316685016481,"Elko","med",0.2875
2.18734335899353,81,253.004268607613,"5%","1_month",70.4653829076972,160,14.2983360204544,"Elko","med",0.2875
2.15857863426208,82,252.006879540973,"10%","1_month",70.8537787794362,165,14.6361876429446,"Elko","med",0.2875
2.15940356254578,82,249.731720702526,"15%","1_month",70.8426401802367,165,15.4068659376065,"Elko","med",0.2875
2.16389966011047,82,248.739143461678,"20%","1_month",70.7819315953513,165,15.7430876212841,"Elko","med",0.2875
17.1368350982666,49,419.526305459756,"1%","6_month",0.205849717377324,0,3.04721329556828,"Elko","med",0.575
10.6924381256104,49,372.663528993162,"5%","6_month",37.7339648146153,0,13.877229702201,"Elko","med",0.575
4.47861862182617,54,338.364006161477,"10%","6_month",73.9193417429639,25,21.8038704822585,"Elko","med",0.575
4.43973445892334,54,337.45980567456,"15%","6_month",74.1457786535187,25,22.0128317697993,"Elko","med",0.575
4.40895080566406,54,335.548404987103,"20%","6_month",74.3250432903077,25,22.4545576419222,"Elko","med",0.575
72.1797332763672,49,860.477815413141,"1%","2yr",-0.0684029182565559,0,1.61068640703194,"Elko","med",1.15
71.9125213623047,49,807.766166011942,"5%","2yr",0.302053832789928,0,7.63787608007082,"Elko","med",1.15
58.8175392150879,49,743.885310754568,"10%","2yr",18.4566505628406,0,14.9421823479634,"Elko","med",1.15
52.2319755554199,50,699.008306412925,"15%","2yr",27.5867319281489,5,20.0735379438808,"Elko","med",1.15
46.3200798034668,51,664.366007024639,"20%","2yr",35.7828548460881,10,24.0346302545048,"Elko","med",1.15
147.32160949707,49,1363.16976989043,"1%","10yr",0.0541505781513649,0,1.01440002001172,"Elko","med",1.72
146.966445922852,49,1309.92738594912,"5%","10yr",0.295100464798501,0,4.88055773213495,"Elko","med",1.72
145.334625244141,49,1245.57302820789,"10%","10yr",1.40215939793584,0,9.5536034913983,"Elko","med",1.72
135.772064208984,49,1193.03022829408,"15%","10yr",7.8895870643161,0,13.3689614086413,"Elko","med",1.72
120.85912322998,50,1122.08560194302,"20%","10yr",18.0068166996201,5,18.5205548196953,"Elko","med",1.72
235.387924194336,49,1863.51611782133,"1%","50yr",0.0623477302128718,0,0.743742201614386,"Elko","med",2.36
234.765563964844,49,1809.86512186015,"5%","50yr",0.326580572294376,0,3.60134940733504,"Elko","med",2.36
233.901077270508,49,1748.15344185132,"10%","50yr",0.693612020258866,0,6.88829195725443,"Elko","med",2.36
231.949279785156,49,1685.47898567449,"15%","50yr",1.52227839751563,0,10.2265147502689,"Elko","med",2.36
226.191635131836,49,1643.58359526413,"20%","50yr",3.96677715940398,0,12.4579844066711,"Elko","med",2.36
272.864196777344,49,2078.94470824969,"1%","100yr",0.0743864182202021,0,0.662641226649745,"Elko","med",2.64
272.060455322266,49,2025.18480714763,"5%","100yr",0.368724623849028,0,3.23142843979829,"Elko","med",2.64
270.956848144531,49,1961.2204173128,"10%","100yr",0.772876673442953,0,6.28781253530919,"Elko","med",2.64
269.731475830078,49,1899.13741563619,"15%","100yr",1.2216203409303,0,9.25429903531286,"Elko","med",2.64
266.718536376953,49,1849.46161226375,"20%","100yr",2.32498907561241,0,11.6279374886973,"Elko","med",2.64
11.0702056884766,41,435.970779342589,"1%","1_month",0.758014242412377,0,3.10058413882333,"Los_Angeles","med",0.61
6.39381504058838,44,383.771590607821,"5%","1_month",42.6808390872777,15,14.7024417322462,"Los_Angeles","med",0.61
3.57491850852966,55,349.334925016162,"10%","1_month",67.9516332675422,70,22.3563785054177,"Los_Angeles","med",0.61
3.5264585018158,55,348.674841489938,"15%","1_month",68.3860666856237,70,22.5030895033592,"Los_Angeles","med",0.61
3.50406408309937,56,346.548369856287,"20%","1_month",68.5868277776799,75,22.975721773478,"Los_Angeles","med",0.61
34.128059387207,41,845.651772225288,"1%","6_month",-0.0692484291590583,0,1.6600681818393,"Los_Angeles","med",1.22
34.1319274902344,41,791.216202341811,"5%","6_month",-0.0805903621532895,0,7.9903218472898,"Los_Angeles","med",1.22
29.1378326416016,42,726.053188794345,"10%","6_month",14.5629412965485,5,15.5680583575097,"Los_Angeles","med",1.22
23.6465663909912,44,670.90640055225,"15%","6_month",30.6642636831641,15,21.9810188382137,"Los_Angeles","med",1.22
20.1444435119629,44,632.438728683757,"20%","6_month",40.9330809175333,15,26.4543828788241,"Los_Angeles","med",1.22
104.322143554688,41,1681.90331768337,"1%","2yr",-0.0520465991575519,0,0.813561666678941,"Los_Angeles","med",2.44
104.501235961914,41,1628.36587577217,"5%","2yr",-0.223808425197813,0,3.97081103102605,"Los_Angeles","med",2.44
104.632263183594,41,1564.1255149327,"10%","2yr",-0.34947246202219,0,7.75924079504517,"Los_Angeles","med",2.44
104.018081665039,41,1501.84469334998,"15%","2yr",0.239569478844005,0,11.4321111701225,"Los_Angeles","med",2.44
93.6078948974609,41,1443.0193101064,"20%","2yr",10.223648180502,0,14.9012048963658,"Los_Angeles","med",2.44
239.005508422852,41,3029.26137819504,"1%","10yr",0.0590388980392552,0,0.449196048802141,"Los_Angeles","med",3.94
238.433944702148,41,2975.95798522515,"5%","10yr",0.298040199536545,0,2.2009087473744,"Los_Angeles","med",3.94
237.685089111328,41,2910.6911587432,"10%","10yr",0.61117669570779,0,4.34577650107514,"Los_Angeles","med",3.94
236.913665771484,41,2847.01331768807,"15%","10yr",0.933749972404276,0,6.43842532845757,"Los_Angeles","med",3.94
236.091339111328,41,2784.30476652382,"20%","10yr",1.27760864452484,0,8.49922032223106,"Los_Angeles","med",3.94
387.521850585938,41,4592.65612805845,"1%","50yr",0.060561886810896,0,0.284086335611362,"Los_Angeles","med",5.57
386.579895019531,41,4540.5030338753,"5%","50yr",0.303486279053276,0,1.41643617672529,"Los_Angeles","med",5.57
385.366607666016,41,4476.15950770988,"10%","50yr",0.616385425764231,0,2.81346511184944,"Los_Angeles","med",5.57
384.173980712891,41,4413.54468090525,"15%","50yr",0.923956385682336,0,4.17296046479251,"Los_Angeles","med",5.57
382.938171386719,41,4351.67512347378,"20%","50yr",1.24266380691784,0,5.51627450252317,"Los_Angeles","med",5.57
439.483093261719,41,5279.35361213246,"1%","100yr",0.106088423945269,0,0.244411275717364,"Los_Angeles","med",6.29
438.296875,41,5225.27843862427,"5%","100yr",0.375714227446811,0,1.26618423600557,"Los_Angeles","med",6.29
436.779632568359,41,5161.21647881032,"10%","100yr",0.720581376216715,0,2.47666168941702,"Los_Angeles","med",6.29
435.31103515625,41,5097.39051301056,"15%","100yr",1.05439157796368,0,3.68267993748784,"Los_Angeles","med",6.29
434.011169433594,41,5035.12814594992,"20%","100yr",1.34984929533813,0,4.85915333514546,"Los_Angeles","med",6.29
20.0185737609863,49,458.667810317312,"1%","1_month",-0.0104246034362695,0,2.81835656142928,"Columbus","med",0.655
14.306360244751,50,410.348635149743,"5%","1_month",28.5271178811107,5,13.0561294043326,"Columbus","med",0.655
6.04511404037476,52,369.457113215886,"10%","1_month",69.7993259074074,15,21.7201455285236,"Columbus","med",0.655
4.70395517349243,53,361.892944203606,"15%","1_month",76.4995968327501,20,23.3228269448452,"Columbus","med",0.655
4.69429397583008,53,360.002849786026,"20%","1_month",76.5478630325267,20,23.7232964733858,"Columbus","med",0.655
93.9179534912109,49,1000.48303554543,"1%","6_month",-0.00842474561452182,0,1.37661595968349,"Columbus","med",1.31
93.860725402832,49,946.904928804002,"5%","6_month",0.0525145184689191,0,6.65811900329281,"Columbus","med",1.31
85.5625457763672,49,890.482250240955,"10%","6_month",8.88882154869572,0,12.220027900102,"Columbus","med",1.31
73.0814208984375,50,824.619083621723,"15%","6_month",22.1793330184954,5,18.7125401615005,"Columbus","med",1.31
67.1586303710938,50,794.49445738101,"20%","6_month",28.4862096988239,5,21.6820983421538,"Columbus","med",1.31
270.2919921875,49,2064.74375783713,"1%","2yr",0.0754094380485066,0,0.67145650952871,"Columbus","med",2.62
269.487182617188,49,2011.1732273554,"5%","2yr",0.372940512287767,0,3.24857182786537,"Columbus","med",2.62
268.388366699219,49,1947.46985020209,"10%","2yr",0.779163167340809,0,6.31314758650121,"Columbus","med",2.62
267.172302246094,49,1885.17152194725,"15%","2yr",1.22873158256476,0,9.31013071525821,"Columbus","med",2.62
264.061676025391,49,1835.82758779898,"20%","2yr",2.3787029486399,0,11.6839173366895,"Columbus","med",2.62
413.418304443359,49,2950.07535769324,"1%","10yr",0.0654260624265995,0,0.460278777814197,"Columbus","med",3.73
411.982971191406,49,2896.42896662195,"5%","10yr",0.412385583692836,0,2.27038400034249,"Columbus","med",3.73
410.369567871094,49,2832.51233404012,"10%","10yr",0.802389537731562,0,4.42702171878768,"Columbus","med",3.73
408.603668212891,49,2770.66492422866,"15%","10yr",1.22925605056448,0,6.51384092999614,"Columbus","med",3.73
407.119995117188,49,2709.23306049203,"20%","10yr",1.58790064149852,0,8.58663902803682,"Columbus","med",3.73
598.561279296875,49,4139.39812696867,"1%","50yr",-0.0686421497084571,0,0.301285734990465,"Columbus","med",5.03
596.62060546875,49,4084.95606281457,"5%","50yr",0.255803486106929,0,1.61254008444143,"Columbus","med",5.03
595.141235351562,49,4021.44861994176,"10%","50yr",0.503127467767934,0,3.14213695008883,"Columbus","med",5.03
593.971801757812,49,3963.1389736962,"15%","50yr",0.69863565691823,0,4.54654323854284,"Columbus","med",5.03
592.814697265625,49,3903.96951938944,"20%","50yr",0.892082642821742,0,5.9716582763337,"Columbus","med",5.03
671.250244140625,49,4749.02617084769,"1%","100yr",-0.127251193053908,0,0.260884604857861,"Columbus","med",5.65
672.002990722656,49,4691.69941642455,"5%","100yr",-0.239534870805488,0,1.46486191914116,"Columbus","med",5.65
668.098022460938,49,4622.71527634662,"10%","100yr",0.342950933043403,0,2.9136678132639,"Columbus","med",5.65
667.321655273438,49,4546.40938093578,"15%","100yr",0.458757985747539,0,4.51624531734895,"Columbus","med",5.65
666.346496582031,49,4458.67429168789,"20%","100yr",0.604217834887002,0,6.35885891346139,"Columbus","med",5.65
14.108904838562,49,378.063276008552,"1%","1_month",0.577873433292241,0,3.33224186661719,"Colorado_Springs","med",0.49
7.13199472427368,51,334.271204506014,"5%","1_month",49.7425143720723,10,14.5295245565956,"Colorado_Springs","med",0.49
3.83686423301697,54,312.547654601125,"10%","1_month",72.9625221972107,25,20.0840626492,"Colorado_Springs","med",0.49
3.81870007514954,54,311.239174004899,"15%","1_month",73.0905207359447,25,20.4186306800694,"Colorado_Springs","med",0.49
3.80256986618042,54,309.684236839175,"20%","1_month",73.2041865162462,25,20.8162156860391,"Colorado_Springs","med",0.49
53.5922546386719,49,728.664527943248,"1%","6_month",-0.0872787406271174,0,1.89137842067468,"Colorado_Springs","med",0.98
51.9185905456543,49,677.845337942215,"5%","6_month",3.03840585177204,0,8.73375991391439,"Colorado_Springs","med",0.98
40.5019607543945,50,613.376029065962,"10%","6_month",24.3597593925098,5,17.4140164455094,"Colorado_Springs","med",0.98
33.9635200500488,51,579.364666950477,"15%","6_month",36.5707540915962,10,21.993363630975,"Colorado_Springs","med",0.98
29.0669631958008,51,556.632619086718,"20%","6_month",45.7154160216582,10,25.0540449130509,"Colorado_Springs","med",0.98
175.121246337891,49,1547.86351062531,"1%","2yr",0.053775515829117,0,0.891692876020402,"Colorado_Springs","med",1.96
174.730056762695,49,1495.20547708731,"5%","2yr",0.277037523814716,0,4.26333935815764,"Colorado_Springs","med",1.96
173.770309448242,49,1432.72592018983,"10%","2yr",0.824790138328044,0,8.26384913919425,"Colorado_Springs","med",1.96
169.539031982422,49,1380.18520608566,"15%","2yr",3.23968962252723,0,11.6279837636003,"Colorado_Springs","med",1.96
161.207260131836,49,1324.51066491672,"20%","2yr",7.99484730409623,0,15.1927745137414,"Colorado_Springs","med",1.96
318.36376953125,49,2349.02124496154,"1%","10yr",0.0705588672265269,0,0.591767017228583,"Colorado_Springs","med",2.99
317.404449462891,49,2295.3457184578,"5%","10yr",0.371674532616952,0,2.86326168999995,"Colorado_Springs","med",2.99
316.134887695312,49,2231.36200350691,"10%","10yr",0.770170247454143,0,5.57098860246756,"Colorado_Springs","med",2.99
314.850555419922,49,2170.73035494181,"15%","10yr",1.17330219521797,0,8.13685941339235,"Colorado_Springs","med",2.99
313.081115722656,49,2106.78758896113,"20%","10yr",1.72870182604356,0,10.8428534063391,"Colorado_Springs","med",2.99
527.191223144531,49,3626.94350154381,"1%","50yr",0.0744799332804176,0,0.378821348371223,"Colorado_Springs","med",4.48
525.815307617188,49,3575.25096151007,"5%","50yr",0.33527538776014,0,1.79865922659171,"Colorado_Springs","med",4.48
524.018310546875,49,3510.53867186593,"10%","50yr",0.675883992240112,0,3.57611028554828,"Colorado_Springs","med",4.48
522.015563964844,49,3448.81998455593,"15%","50yr",1.05549102093386,0,5.27133613398968,"Colorado_Springs","med",4.48
520.415588378906,49,3391.29203017529,"20%","50yr",1.35875553957519,0,6.85145521176898,"Colorado_Springs","med",4.48
624.889038085938,49,4332.25804257929,"1%","100yr",-0.0499459057794087,0,0.385289740624091,"Colorado_Springs","med",5.25
623.249389648438,49,4255.81720889561,"5%","100yr",0.212575481983854,0,2.14294854685044,"Colorado_Springs","med",5.25
622.304321289062,49,4227.26820791736,"10%","100yr",0.363888807182126,0,2.79939616208773,"Colorado_Springs","med",5.25
620.635437011719,49,4165.44252793852,"15%","100yr",0.631091096700101,0,4.22099827746269,"Colorado_Springs","med",5.25
618.465270996094,49,4105.92451366278,"20%","100yr",0.978552772672055,0,5.58953858346928,"Colorado_Springs","med",5.25
74.0536193847656,50,989.056671051889,"1%","1_month",0.120702780362306,0,1.53942434120437,"New_Orleans","high",1.3425
69.292366027832,50,930.448020460163,"5%","1_month",6.54240968849216,0,7.37391456279023,"New_Orleans","high",1.3425
55.3931350708008,51,868.19033298349,"10%","1_month",25.2888994808237,5,13.5716663474471,"New_Orleans","high",1.3425
47.6459732055664,51,803.133497918915,"15%","1_month",35.7378294450162,5,20.048073229355,"New_Orleans","high",1.3425
46.8194923400879,51,748.234182336802,"20%","1_month",36.8525396873417,5,25.5132992105315,"New_Orleans","high",1.3425
247.520309448242,49,2170.69314176581,"1%","6_month",-0.0707340056539086,0,0.667435315600327,"New_Orleans","high",2.685
245.518646240234,49,2113.35072473964,"5%","6_month",0.738524462485406,0,3.29146781416784,"New_Orleans","high",2.685
234.96484375,49,2048.91209698034,"10%","6_month",5.00535316879524,0,6.24022829851143,"New_Orleans","high",2.685
228.481796264648,50,1987.79175898048,"15%","6_month",7.62640403083894,5,9.03714132646931,"New_Orleans","high",2.685
220.110000610352,50,1934.80729541113,"20%","6_month",11.011062598608,5,11.4617505692525,"New_Orleans","high",2.685
543.851196289062,49,4457.90243159806,"1%","2yr",-0.0436644009606842,0,0.309477971450911,"New_Orleans","high",5.37
544.656555175781,49,4401.29412195737,"5%","2yr",-0.191813480589439,0,1.57538991677152,"New_Orleans","high",5.37
543.207092285156,49,4332.53289444343,"10%","2yr",0.0748211797382359,0,3.11307333882235,"New_Orleans","high",5.37
537.732849121094,49,4271.67226599282,"15%","2yr",1.08183072516476,0,4.47407841112317,"New_Orleans","high",5.37
535.839599609375,49,4199.01064832236,"20%","2yr",1.43010175972364,0,6.09898490204652,"New_Orleans","high",5.37
779.804504394531,49,6995.11361648056,"1%","10yr",-0.0157112204103392,0,0.395782876860659,"New_Orleans","high",8.13
780.273254394531,49,6940.5622389987,"5%","10yr",-0.0758318844618613,0,1.17254613546854,"New_Orleans","high",8.13
780.936950683594,49,6904.72760314029,"10%","10yr",-0.160955855932727,0,1.68279958469912,"New_Orleans","high",8.13
777.997924804688,49,6876.89855008872,"15%","10yr",0.215996010743437,0,2.07906063126022,"New_Orleans","high",8.13
778.290771484375,49,6766.1296582082,"20%","10yr",0.178436252134166,0,3.65631146123432,"New_Orleans","high",8.13
1011.54272460938,49,10688.0513577958,"1%","50yr",-0.00751273045753253,0,0.147068061411597,"New_Orleans","high",11.9
1011.84478759766,49,10610.1397113944,"5%","50yr",-0.0373765883164309,0,0.874956248407283,"New_Orleans","high",11.9
1012.34802246094,49,10576.4668243222,"10%","50yr",-0.0871295703424194,0,1.18954460398706,"New_Orleans","high",11.9
1013.18408203125,49,10471.1050563851,"15%","50yr",-0.169787708340235,0,2.17388506891888,"New_Orleans","high",11.9
1013.1767578125,49,10439.1086623619,"20%","50yr",-0.169063589741919,0,2.47281081765727,"New_Orleans","high",11.9
1107.822265625,49,12268.2581718676,"1%","100yr",-0.00701955988792066,0,0.260914604027013,"New_Orleans","high",13.8
1108.12890625,49,12235.2312900168,"5%","100yr",-0.0347010896186219,0,0.529418163630043,"New_Orleans","high",13.8
1108.57043457031,49,12163.8296138684,"10%","100yr",-0.0745594069100019,0,1.10990300304417,"New_Orleans","high",13.8
1109.23754882812,49,12100.7446691547,"15%","100yr",-0.134782161678426,0,1.62277407242103,"New_Orleans","high",13.8
1110.26916503906,49,12025.6973797726,"20%","100yr",-0.227909792153807,0,2.23289719662921,"New_Orleans","high",13.8
45.4258308410645,49,679.886012661217,"1%","1_month",1.06903121813414,0,2.24371126211999,"Atlanta","high",0.9375
34.7479553222656,50,618.18461386892,"5%","1_month",24.3239183615959,5,11.1153451000652,"Atlanta","high",0.9375
23.3578796386719,51,557.985127332303,"10%","1_month",49.1298756993769,10,19.7710289619981,"Atlanta","high",0.9375
22.6631050109863,51,525.163038965945,"15%","1_month",50.642995563766,10,24.4902987918964,"Atlanta","high",0.9375
22.2002830505371,51,523.131163074277,"20%","1_month",51.6509556620845,10,24.7824487150401,"Atlanta","high",0.9375
163.057876586914,49,1482.27874671186,"1%","6_month",0.00234877711995383,0,1.01117766756621,"Atlanta","high",1.875
161.321105957031,49,1428.47041474462,"5%","6_month",1.06744901843575,0,4.60457966764527,"Atlanta","high",1.875
149.519119262695,49,1371.31240438318,"10%","6_month",8.30519167705681,0,8.42167827011488,"Atlanta","high",1.875
133.709716796875,50,1284.6112929789,"15%","6_month",18.0005412480821,5,14.2117099573809,"Atlanta","high",1.875
125.773727416992,50,1223.24067098712,"20%","6_month",22.8674039518596,5,18.3101331522436,"Atlanta","high",1.875
417.082214355469,49,2967.73824387549,"1%","2yr",0.07307918544675,0,0.49420404616645,"Atlanta","high",3.75
416.057403564453,49,2910.84224794667,"5%","2yr",0.3186091630843,0,2.40187948660234,"Atlanta","high",3.75
408.590606689453,49,2831.74684982655,"10%","2yr",2.10754667800448,0,5.05388242603605,"Atlanta","high",3.75
402.953826904297,49,2779.05695056694,"15%","2yr",3.45803832654149,0,6.82053094208178,"Atlanta","high",3.75
394.172210693359,49,2729.25480143589,"20%","2yr",5.56198770997471,0,8.49035559717844,"Atlanta","high",3.75
613.316955566406,49,4261.64104970356,"1%","10yr",0.126107302724019,0,0.352006973602475,"Atlanta","high",5.16
612.486999511719,49,4207.15492551365,"5%","10yr",0.261259186586031,0,1.62603096107295,"Atlanta","high",5.16
607.628051757812,49,4138.89936315306,"10%","10yr",1.05250101055801,0,3.22201938966057,"Atlanta","high",5.16
603.827087402344,49,4062.10710394193,"15%","10yr",1.67145847250144,0,5.01761747525831,"Atlanta","high",5.16
600.436096191406,49,4007.73134357601,"20%","10yr",2.2236549987263,0,6.28906087618136,"Atlanta","high",5.16
787.898132324219,49,6058.18531168314,"1%","50yr",0.0281044366752599,0,-0.629552459857472,"Atlanta","high",6.92
787.151672363281,49,5970.25666880876,"5%","50yr",0.122818479259561,0,0.830987210955857,"Atlanta","high",6.92
786.474609375,49,5958.34071885574,"10%","50yr",0.208727136200497,0,1.02891722616925,"Atlanta","high",6.92
783.943176269531,49,5806.70162177146,"15%","50yr",0.529926229919539,0,3.54772008378071,"Atlanta","high",6.92
780.399475097656,49,5792.45514542439,"20%","50yr",0.979566239113693,0,3.78436133279818,"Atlanta","high",6.92
844.910522460938,49,6804.08251058729,"1%","100yr",0.0238908209703631,0,0.18747468234571,"Atlanta","high",7.75
844.003784179688,49,6763.36825020647,"5%","100yr",0.131182851301595,0,0.784732745975314,"Atlanta","high",7.75
843.060424804688,49,6692.00117567344,"10%","100yr",0.242808162340873,0,1.83165243317648,"Atlanta","high",7.75
838.727966308594,49,6592.61614593,"15%","100yr",0.755456936506316,0,3.28958166640189,"Atlanta","high",7.75
836.586791992188,49,6560.80993776574,"20%","100yr",1.00881663737128,0,3.75616300969304,"Atlanta","high",7.75
5.31088924407959,34,410.991351277103,"1%","1_month",12.472652964419,0,3.84730145583308,"Seattle","high",0.5625
2.70735955238342,103,358.191938841498,"5%","1_month",55.3807303822569,345,16.199887395791,"Seattle","high",0.5625
2.47539496421814,87,336.911454702998,"10%","1_month",59.2036767995526,265,21.178522517637,"Seattle","high",0.5625
2.45981478691101,90,337.669013246983,"15%","1_month",59.4604495401171,280,21.0012893518221,"Seattle","high",0.5625
2.45211696624756,92,338.579473561689,"20%","1_month",59.5873152663001,290,20.7882843435553,"Seattle","high",0.5625
13.163969039917,33,707.611847696373,"1%","6_month",4.15906927921672,0,2.0649139091205,"Seattle","high",1.125
5.43810129165649,68,646.83284425725,"5%","6_month",60.4076333235179,175,10.4768659612326,"Seattle","high",1.125
4.98042726516724,88,587.759223492509,"10%","6_month",63.739751815475,275,18.6527891797728,"Seattle","high",1.125
4.84013557434082,41,525.916707559103,"15%","6_month",64.7611524417166,40,27.2119337754035,"Seattle","high",1.125
4.81181383132935,41,523.912380650481,"20%","6_month",64.9673502990364,40,27.4893371696361,"Seattle","high",1.125
32.7607307434082,33,1432.00070513253,"1%","2yr",1.19154221786501,0,0.871551794350983,"Seattle","high",2.25
30.737268447876,33,1374.09369947781,"5%","2yr",7.29443382818317,0,4.88009144814755,"Seattle","high",2.25
19.5404682159424,36,1304.04969774866,"10%","2yr",41.0646989567965,15,9.72879939405705,"Seattle","high",2.25
16.8317108154297,37,1235.09626214586,"15%","2yr",49.234484403492,20,14.5020142711552,"Seattle","high",2.25
16.5893821716309,37,1188.27203418074,"20%","2yr",49.9653630813132,20,17.7433625749469,"Seattle","high",2.25
71.2328414916992,33,2151.80675749017,"1%","10yr",0.58972416790513,0,0.640298596698613,"Seattle","high",3.08
69.5149765014648,33,2095.08628749887,"5%","10yr",2.98712161752671,0,3.25936694109003,"Seattle","high",3.08
62.506534576416,34,2027.43253564784,"10%","10yr",12.7678790649677,5,6.38327969920951,"Seattle","high",3.08
51.3315505981445,35,1967.33316633166,"15%","10yr",28.3633293718134,10,9.15836875820442,"Seattle","high",3.08
50.560546875,35,1921.77151712208,"20%","10yr",29.4393175140848,10,11.2621784265906,"Seattle","high",3.08
130.463165283203,33,3044.63829553515,"1%","50yr",0.269597616837784,0,0.471729419535523,"Seattle","high",4.01
128.523529052734,33,2996.24537876175,"5%","50yr",1.7523203556407,0,2.05367868486013,"Seattle","high",4.01
125.316566467285,33,2927.10243049887,"10%","50yr",4.20382970220854,0,4.31393996894452,"Seattle","high",4.01
113.98420715332,33,2858.91760161414,"15%","50yr",12.8666637816895,0,6.54288063118166,"Seattle","high",4.01
96.2627410888672,34,2767.45846653081,"20%","50yr",26.4135445245486,5,9.53265106039068,"Seattle","high",4.01
152.08625793457,33,3431.76592625513,"1%","100yr",0.320466630777018,0,0.416105621607477,"Seattle","high",4.42
150.084365844727,33,3380.39460193745,"5%","100yr",1.63253566371365,0,1.90681234370382,"Seattle","high",4.42
147.480911254883,33,3317.22175865566,"10%","100yr",3.33887746071699,0,3.73997867501624,"Seattle","high",4.42
143.544464111328,33,3253.07566543816,"15%","100yr",5.91888185908249,0,5.6013870312466,"Seattle","high",4.42
122.468223571777,33,3180.85690067305,"20%","100yr",19.7325547753018,0,7.6970503127907,"Seattle","high",4.42
25.5994548797607,49,520.540819518239,"1%","1_month",2.73854153977397,0,2.86520238896845,"Des_Moines","high",0.76
13.4508171081543,50,463.590192780197,"5%","1_month",48.8955489261155,5,13.4923950981606,"Des_Moines","high",0.76
7.36698770523071,52,405.330202253072,"10%","1_month",72.0101864655022,15,24.3639198210638,"Des_Moines","high",0.76
7.26895570755005,52,404.772071845664,"15%","1_month",72.3826449852236,15,24.4680689715845,"Des_Moines","high",0.76
7.17118358612061,52,404.413214547265,"20%","1_month",72.7541161423886,15,24.5350330399999,"Des_Moines","high",0.76
121.008003234863,49,1184.28242906554,"1%","6_month",-0.0334585142174404,0,1.29725423342535,"Des_Moines","high",1.52
114.266319274902,49,1126.49676051261,"5%","6_month",5.53967668921033,0,6.11333865057865,"Des_Moines","high",1.52
96.3359603881836,50,1050.26532308216,"10%","6_month",20.3621327573297,5,12.4667658428197,"Des_Moines","high",1.52
87.3032836914062,50,986.063912914888,"15%","6_month",27.8291586189637,5,17.8175633469219,"Des_Moines","high",1.52
83.1052856445312,50,928.042024539041,"20%","6_month",31.2995097712737,5,22.6533352512443,"Des_Moines","high",1.52
324.481994628906,49,2386.47520747334,"1%","2yr",0.0503009171762639,0,0.609401849947275,"Des_Moines","high",3.04
321.494506835938,49,2327.53315444436,"5%","2yr",0.970532273194424,0,3.06418784076658,"Des_Moines","high",3.04
316.1708984375,49,2258.89123505641,"10%","2yr",2.61035533353757,0,5.92294849529641,"Des_Moines","high",3.04
307.690368652344,49,2212.71610600636,"15%","2yr",5.22260012406494,0,7.84602470474903,"Des_Moines","high",3.04
294.905059814453,49,2148.42554142171,"20%","2yr",9.16083950924128,0,10.5235625435928,"Des_Moines","high",3.04
514.889709472656,49,3546.63664436855,"1%","10yr",0.0350637617740296,0,0.388514270494096,"Des_Moines","high",4.39
513.667114257812,49,3489.93371166031,"5%","10yr",0.272428483671829,0,1.98108321359575,"Des_Moines","high",4.39
507.4921875,49,3422.54652936505,"10%","10yr",1.47127970999105,0,3.8737319455189,"Des_Moines","high",4.39
502.410369873047,49,3349.35215660934,"15%","10yr",2.45790571106797,0,5.92948249126845,"Des_Moines","high",4.39
495.905487060547,49,3301.14204667698,"20%","10yr",3.72081732811054,0,7.28352045993671,"Des_Moines","high",4.39
725.728759765625,49,5255.08898567665,"1%","50yr",-0.0538205161518769,0,0.429924273931136,"Des_Moines","high",6.21
724.342651367188,49,5269.25099350159,"5%","50yr",0.137277657989637,0,0.161591578632135,"Des_Moines","high",6.21
723.696044921875,49,5095.26636613971,"10%","50yr",0.226423147062962,0,3.45814137423246,"Des_Moines","high",6.21
717.684631347656,49,4978.0606571091,"15%","50yr",1.05519682691201,0,5.67888042461094,"Des_Moines","high",6.21
713.612609863281,49,5072.27915314157,"20%","50yr",1.616592942545,0,3.8936884306562,"Des_Moines","high",6.21
800.686401367188,49,6208.69991924578,"1%","100yr",0.0272214228024988,0,0.215208521903244,"Des_Moines","high",7.1
799.867248535156,49,6132.28175446093,"5%","100yr",0.129499898567431,0,1.44338362093772,"Des_Moines","high",7.1
799.031433105469,49,6034.45824073568,"10%","100yr",0.233858847015756,0,3.01558054552578,"Des_Moines","high",7.1
794.787475585938,49,5896.71619940884,"15%","100yr",0.763754477398217,0,5.22933882831227,"Des_Moines","high",7.1
792.377868652344,49,5852.32031076191,"20%","100yr",1.06461521390993,0,5.94285929938334,"Des_Moines","high",7.1
64.9654998779297,49,807.524354864915,"1%","1_month",0.732409852944468,0,1.92175136887729,"Tampa","high",1.08
51.9172706604004,49,744.464143256721,"5%","1_month",20.6701656239974,0,9.58075889673599,"Tampa","high",1.08
40.4905204772949,51,683.011466689575,"10%","1_month",38.1302937846468,10,17.0445225034804,"Tampa","high",1.08
38.7286720275879,51,621.814095419047,"15%","1_month",40.8224065234908,10,24.4772778858813,"Tampa","high",1.08
38.1931228637695,51,618.373559170957,"20%","1_month",41.6407281710948,10,24.8951498268718,"Tampa","high",1.08
207.255615234375,49,1707.78976712172,"1%","6_month",0.0336417714368775,0,0.857219459071654,"Tampa","high",2.16
203.381042480469,49,1653.03155024578,"5%","6_month",1.90247860590148,0,4.03611301087802,"Tampa","high",2.16
192.384750366211,49,1598.61079239629,"10%","6_month",7.20636036291309,0,7.19541596269086,"Tampa","high",2.16
179.884307861328,49,1525.80258825967,"15%","6_month",13.2357444741495,0,11.422170299357,"Tampa","high",2.16
160.374862670898,49,1454.78055670534,"20%","6_month",22.6458064622965,0,15.545231476746,"Tampa","high",2.16
504.892913818359,49,3482.57844656325,"1%","2yr",0.0279473823001282,0,0.407536801016355,"Tampa","high",4.32
503.647216796875,49,3426.3681173429,"5%","2yr",0.274603425134492,0,2.01500242747039,"Tampa","high",4.32
497.294952392578,49,3356.75334235123,"10%","2yr",1.53239273824887,0,4.00579948282634,"Tampa","high",4.32
492.323547363281,49,3285.03904987282,"15%","2yr",2.51676299097055,0,6.05663714350985,"Tampa","high",4.32
486.091918945312,49,3236.30505568221,"20%","2yr",3.75066560089954,0,7.45029951104614,"Tampa","high",4.32
727.68017578125,49,5324.1055900764,"1%","10yr",0.0343690989686671,0,1.75595018981026,"Tampa","high",6.24
726.685668945312,49,5294.76870996637,"5%","10yr",0.170990250126379,0,2.29729443290287,"Tampa","high",6.24
726.160522460938,49,5094.74915648896,"10%","10yr",0.243132657427285,0,5.98819248937154,"Tampa","high",6.24
720.845703125,49,5053.59179069879,"15%","10yr",0.97326010314419,0,6.74765644558654,"Tampa","high",6.24
716.110168457031,49,5019.06324583831,"20%","10yr",1.62380786642352,0,7.38480084923415,"Tampa","high",6.24
948.814880371094,49,8464.69745063874,"1%","50yr",0.0239113502446219,0,0.105955086573285,"Tampa","high",9.54
947.90673828125,49,8392.28726029877,"5%","50yr",0.119601769902967,0,0.960486137232994,"Tampa","high",9.54
946.823974609375,49,8352.44206509626,"10%","50yr",0.233691967143309,0,1.43070940774618,"Tampa","high",9.54
946.496154785156,49,8366.67568335174,"15%","50yr",0.268234157074419,0,1.26273486292817,"Tampa","high",9.54
941.925903320312,49,8229.18736923648,"20%","50yr",0.749798975516334,0,2.88526938414307,"Tampa","high",9.54
1048.11987304688,49,10263.3433070759,"1%","100yr",0.0158950798963571,0,0.190719753351554,"Tampa","high",11.4
1047.09423828125,49,10205.3324686231,"5%","100yr",0.113734245675985,0,0.754865359636425,"Tampa","high",11.4
1045.94543457031,49,10115.5609140918,"10%","100yr",0.223322961357023,0,1.62787856559762,"Tampa","high",11.4
1045.19177246094,49,10068.9219507852,"15%","100yr",0.2952176304267,0,2.08143460672495,"Tampa","high",11.4
1045.50793457031,49,10023.6049206707,"20%","100yr",0.26505773523874,0,2.52213507082419,"Tampa","high",11.4
5.23632907867432,49,279.918499341913,"1%","1_month",29.2964345665887,0,5.18151608949797,"Elko","high",0.2875
2.17281079292297,82,253.725149354455,"5%","1_month",70.6616089700105,165,14.0541477311613,"Elko","high",0.2875
2.16644787788391,82,254.842487665706,"10%","1_month",70.7475242692693,165,13.6756649765842,"Elko","high",0.2875
2.1694769859314,83,255.106556670544,"15%","1_month",70.7066237193186,170,13.5862152876737,"Elko","high",0.2875
2.15594005584717,85,253.008971304391,"20%","1_month",70.8894062006328,180,14.2967430475719,"Elko","high",0.2875
15.8844995498657,49,417.545947082657,"1%","6_month",7.49866435933121,0,3.50487533209494,"Elko","high",0.575
6.1045093536377,49,365.53494866136,"5%","6_month",64.4511766411164,0,15.5246489925295,"Elko","high",0.575
4.48723411560059,54,339.710665941026,"10%","6_month",73.8691705254927,25,21.4926565806011,"Elko","high",0.575
4.45024919509888,54,340.102260775573,"15%","6_month",74.0845474427341,25,21.4021587739694,"Elko","high",0.575
4.42045783996582,54,340.579603369481,"20%","6_month",74.2580335592908,25,21.291844607516,"Elko","high",0.575
71.6789932250977,49,858.929245912695,"1%","2yr",0.625812132606678,0,1.78775394726453,"Elko","high",1.15
59.6723251342773,49,796.829883973253,"5%","2yr",17.2715940672341,0,8.88835954840877,"Elko","high",1.15
47.7169494628906,50,732.820894822867,"10%","2yr",33.8462653138395,5,16.2073169851703,"Elko","high",1.15
44.2964668273926,51,670.920301585425,"15%","2yr",38.5883475993664,10,23.285194846211,"Elko","high",1.15
43.7739219665527,51,655.853744203441,"20%","2yr",39.3127923611276,10,25.0079449421106,"Elko","high",1.15
147.393859863281,49,1361.77975038421,"1%","10yr",0.00513452241695221,0,1.115335294433,"Elko","high",1.72
142.486480712891,49,1304.47771706485,"5%","10yr",3.33439612426372,0,5.27628154887263,"Elko","high",1.72
126.010551452637,49,1236.94986146795,"10%","10yr",14.511987453546,0,10.1797685900779,"Elko","high",1.72
113.346267700195,50,1156.8960327279,"15%","10yr",23.1036842268714,5,15.9928202315961,"Elko","high",1.72
107.543975830078,50,1101.37093092728,"20%","10yr",27.0400720489436,5,20.024735871954,"Elko","high",1.72
235.461807250977,49,1862.6267520216,"1%","50yr",0.0309795143264706,0,0.791112396189243,"Elko","high",2.36
232.080947875977,49,1807.70121594155,"5%","50yr",1.46637663483827,0,3.71660529466213,"Elko","high",2.36
223.490081787109,49,1754.54002368945,"10%","50yr",5.1137642008066,0,6.5481241383052,"Elko","high",2.36
208.917053222656,49,1686.51643461715,"15%","50yr",11.3009731078769,0,10.1712572192389,"Elko","high",2.36
190.361938476562,49,1608.98677753227,"20%","50yr",19.1788394498655,0,14.3007109744519,"Elko","high",2.36
272.942504882812,49,2078.17293925506,"1%","100yr",0.0457092023017769,0,0.699518346664251,"Elko","high",2.64
269.947143554688,49,2019.60388716663,"5%","100yr",1.14264065079175,0,3.49809924072835,"Elko","high",2.64
263.253601074219,49,1961.36738299531,"10%","100yr",3.59388323701618,0,6.28079013463033,"Elko","high",2.64
251.388275146484,49,1907.71560918153,"15%","100yr",7.93908494423813,0,8.84441074609604,"Elko","high",2.64
235.044647216797,49,1828.1860784684,"20%","100yr",13.9242858915027,0,12.6445375576348,"Elko","high",2.64
10.1287508010864,41,434.462723052141,"1%","1_month",9.19795250146752,0,3.43576663396786,"Los_Angeles","high",0.61
3.59998321533203,55,381.472452777087,"5%","1_month",67.7269336236966,70,15.2134510093322,"Los_Angeles","high",0.61
3.59364771842957,55,350.874977191684,"10%","1_month",67.7837299751877,70,22.0140845644594,"Los_Angeles","high",0.61
3.54742884635925,56,351.240459408906,"15%","1_month",68.1980721087316,75,21.9328520254121,"Los_Angeles","high",0.61
3.53545594215393,56,351.733257027078,"20%","1_month",68.3054065903175,75,21.8233222046046,"Los_Angeles","high",0.61
33.60400390625,41,844.815842682508,"1%","6_month",1.46737097013235,0,1.75727752608917,"Los_Angeles","high",1.22
27.4047412872314,42,785.425773047702,"5%","6_month",19.6446585815313,5,8.66368461986718,"Los_Angeles","high",1.22
20.8450736999512,44,726.733233147354,"10%","6_month",38.8787145809273,15,15.48897673372,"Los_Angeles","high",1.22
20.5071868896484,44,661.790543070294,"15%","6_month",39.8694559171838,15,23.0410920653776,"Los_Angeles","high",1.22
20.160327911377,44,635.949469083118,"20%","6_month",40.8865051690244,15,26.0461226671818,"Los_Angeles","high",1.22
104.391578674316,41,1681.19776298757,"1%","2yr",-0.118639611801005,0,0.855170156649778,"Los_Angeles","high",2.44
102.108749389648,41,1624.29090861135,"5%","2yr",2.07074927712447,0,4.21112298876914,"Los_Angeles","high",2.44
85.5758895874023,41,1554.59897685869,"10%","2yr",17.9268887599614,0,8.32104679856146,"Los_Angeles","high",2.44
76.0683364868164,42,1498.03221176781,"15%","2yr",27.0452802485827,5,11.6569436354435,"Los_Angeles","high",2.44
66.0774993896484,42,1440.34162609732,"20%","2yr",36.6271740321056,5,15.0591152453435,"Los_Angeles","high",2.44
239.086196899414,41,3028.75925675211,"1%","10yr",0.0252987388658432,0,0.465697296824024,"Los_Angeles","high",3.94
238.706253051758,41,2973.05640860183,"5%","10yr",0.184173542840495,0,2.29626343933224,"Los_Angeles","high",3.94
232.509582519531,41,2899.05027629584,"10%","10yr",2.77533226846805,0,4.72833154062302,"Los_Angeles","high",3.94
223.873504638672,41,2839.56652034696,"15%","10yr",6.38653742126924,0,6.68314988986557,"Los_Angeles","high",3.94
206.821487426758,41,2756.25413708685,"20%","10yr",13.5168960482796,0,9.4210498916066,"Los_Angeles","high",3.94
387.585418701172,41,4592.62588951202,"1%","50yr",0.0441680713167964,0,0.284742876010029,"Los_Angeles","high",5.57
386.909881591797,41,4537.16619351766,"5%","50yr",0.218384825890675,0,1.48888577358942,"Los_Angeles","high",5.57
381.852752685547,41,4468.14858421995,"10%","50yr",1.52258643566419,0,2.98739856839835,"Los_Angeles","high",5.57
377.989044189453,41,4405.331645888,"15%","50yr",2.51901245796183,0,4.35128217403163,"Los_Angeles","high",5.57
372.982055664062,41,4336.8231839744,"20%","50yr",3.81028318014206,0,5.83874034267628,"Los_Angeles","high",5.57
439.572906494141,41,5278.72360539631,"1%","100yr",0.085673997917354,0,0.256315515797044,"Los_Angeles","high",6.29
438.661682128906,41,5223.21646695984,"5%","100yr",0.292794061378958,0,1.30514605073326,"Los_Angeles","high",6.29
436.943511962891,41,5154.80045840204,"10%","100yr",0.683331811904822,0,2.59789507140216,"Los_Angeles","high",6.29
430.774230957031,41,5094.55001247698,"15%","100yr",2.08560102484164,0,3.73635237995273,"Los_Angeles","high",6.29
426.267181396484,41,5020.06461353787,"20%","100yr",3.11004728266856,0,5.14378506365447,"Los_Angeles","high",6.29
19.1743755340576,49,456.588164236579,"1%","1_month",4.20708979757211,0,3.25898792763816,"Columbus","high",0.655
8.48765087127686,49,403.409792137887,"5%","1_month",57.5967010608702,0,14.5263179640833,"Columbus","high",0.655
4.72762584686279,53,363.930442998372,"10%","1_month",76.3813409508534,20,22.891125663601,"Columbus","high",0.655
4.70720720291138,53,364.086391197434,"15%","1_month",76.4833500787658,20,22.8580836625379,"Columbus","high",0.655
4.69721126556396,53,364.304120747787,"20%","1_month",76.5332885983806,20,22.8119515489417,"Columbus","high",0.655
93.8183746337891,49,998.992373469849,"1%","6_month",0.097611686170183,0,1.52355911926843,"Columbus","high",1.31
84.576789855957,49,943.424526483379,"5%","6_month",9.93850260667479,0,7.00120233652947,"Columbus","high",1.31
68.1510162353516,50,868.550145295772,"10%","6_month",27.4294687527648,5,14.3820019985854,"Columbus","high",1.31
58.753532409668,50,810.648363330585,"15%","6_month",37.4363685950506,5,20.0897146498631,"Columbus","high",1.31
57.6135063171387,50,762.62527479434,"20%","6_month",38.6503240683608,5,24.8236275051972,"Columbus","high",1.31
270.370269775391,49,2064.09816546054,"1%","2yr",0.0464708969661578,0,0.702513995578402,"Columbus","high",2.62
267.415954589844,49,2005.83013205282,"5%","2yr",1.13865543753495,0,3.50561189500289,"Columbus","high",2.62
260.6064453125,49,1947.63063814211,"10%","2yr",3.65607158797113,0,6.30541256764818,"Columbus","high",2.62
248.541763305664,49,1894.05426888214,"15%","2yr",8.11627923243933,0,8.88280877185086,"Columbus","high",2.62
232.065124511719,49,1814.01083286181,"20%","2yr",14.2075487961341,0,12.7334550739377,"Columbus","high",2.62
413.428863525391,49,2949.23027789127,"1%","10yr",0.0628736419057286,0,0.488792967351726,"Columbus","high",3.73
412.541320800781,49,2892.27589006265,"5%","10yr",0.277417127479389,0,2.41051468610602,"Columbus","high",3.73
405.084991455078,49,2813.03766461344,"10%","10yr",2.07981699292404,0,5.08412465026726,"Columbus","high",3.73
399.4609375,49,2761.4341069703,"15%","10yr",3.43930550555631,0,6.82530177934487,"Columbus","high",3.73
390.734344482422,49,2711.59912361001,"20%","10yr",5.54876303504931,0,8.5068047070105,"Columbus","high",3.73
598.38427734375,49,4138.05546706685,"1%","50yr",-0.039050617947713,0,0.333624123761351,"Columbus","high",5.03
597.024658203125,49,4081.82955606876,"5%","50yr",0.188253161880679,0,1.68784298914824,"Columbus","high",5.03
592.988708496094,49,4008.90751783042,"10%","50yr",0.86299110590799,0,3.44419336447929,"Columbus","high",5.03
589.376098632812,49,3945.29896281478,"15%","50yr",1.46695426914478,0,4.97622554809499,"Columbus","high",5.03
585.238525390625,49,3884.21531827526,"20%","50yr",2.15868183399334,0,6.44744446360199,"Columbus","high",5.03
670.650939941406,49,4751.36841809166,"1%","100yr",-0.0378557960018708,0,0.211692694822832,"Columbus","high",5.65
670.973022460938,49,4689.39911568485,"5%","100yr",-0.08589933508361,0,1.51317286809516,"Columbus","high",5.65
665.795288085938,49,4605.58173352581,"10%","100yr",0.68643902144133,0,3.27350672403315,"Columbus","high",5.65
661.106079101562,49,4503.94275029813,"15%","100yr",1.38590633631188,0,5.40813009987795,"Columbus","high",5.65
658.059020996094,49,4474.58918614953,"20%","100yr",1.84042170519148,0,6.02461407291825,"Columbus","high",5.65
12.1427955627441,49,375.910553947871,"1%","1_month",14.4325820376112,0,3.88267569263509,"Colorado_Springs","high",0.49
3.87409234046936,54,323.983207975481,"5%","1_month",72.7001844996132,25,17.1600830461437,"Colorado_Springs","high",0.49
3.84324145317078,54,313.947832556752,"10%","1_month",72.9175834300611,25,19.7260483363916,"Colorado_Springs","high",0.49
3.82603526115417,54,314.656526562081,"15%","1_month",73.0388314092615,25,19.5448409432246,"Colorado_Springs","high",0.49
3.80429339408875,54,315.416409209132,"20%","1_month",73.192041221356,25,19.350545023477,"Colorado_Springs","high",0.49
53.0497016906738,49,726.860307758564,"1%","6_month",0.925976784895128,0,2.13430167075323,"Colorado_Springs","high",0.98
40.9046974182129,50,662.877197816941,"5%","6_month",23.6076205432968,5,10.7490955573852,"Colorado_Springs","high",0.98
30.8391170501709,51,603.752513460036,"10%","6_month",42.4057949208204,10,18.70974282526,"Colorado_Springs","high",0.98
29.5996246337891,51,561.867729198707,"15%","6_month",44.7206335819613,10,24.3491808539305,"Colorado_Springs","high",0.98
29.0728950500488,51,559.418149892306,"20%","6_month",45.7043378695339,10,24.6789963451258,"Colorado_Springs","high",0.98
175.203506469727,49,1546.72150189603,"1%","2yr",0.006827531078547,0,0.964814666864822,"Colorado_Springs","high",1.96
170.604614257812,49,1490.12626936894,"5%","2yr",2.6315342585741,0,4.58855645581735,"Colorado_Springs","high",1.96
162.491394042969,49,1438.2902048721,"10%","2yr",7.26195886917623,0,7.90757300022559,"Colorado_Springs","high",1.96
143.436584472656,50,1351.34598329685,"15%","2yr",18.1370315096655,5,13.474533236309,"Colorado_Springs","high",1.96
135.939163208008,50,1287.07068727084,"20%","2yr",22.4160037328481,5,17.5900225771338,"Colorado_Springs","high",1.96
318.428314208984,49,2348.28036643914,"1%","10yr",0.0502992956565969,0,0.623120256337958,"Colorado_Springs","high",2.99
315.320922851562,49,2289.02119184981,"5%","10yr",1.02566116608921,0,3.1309093393779,"Colorado_Springs","high",2.99
309.891937255859,49,2222.69158134033,"10%","10yr",2.7297353994584,0,5.93791220890308,"Colorado_Springs","high",2.99
301.218048095703,49,2175.52229354474,"15%","10yr",5.45233444864749,0,7.9340693577041,"Colorado_Springs","high",2.99
288.530090332031,49,2110.10497439624,"20%","10yr",9.43488726961323,0,10.7024649679911,"Colorado_Springs","high",2.99
527.264892578125,49,3627.56314994078,"1%","50yr",0.0605163918903176,0,0.361801479263984,"Colorado_Springs","high",4.48
526.173400878906,49,3571.75918268932,"5%","50yr",0.267401239180425,0,1.8945678398817,"Colorado_Springs","high",4.48
520.259460449219,49,3504.17559827852,"10%","50yr",1.38834852953035,0,3.75088469004501,"Colorado_Springs","high",4.48
515.095947265625,49,3432.66102781961,"15%","50yr",2.36705742601839,0,5.71517384890536,"Colorado_Springs","high",4.48
508.572662353516,49,3384.068156262,"20%","50yr",3.60350182943216,0,7.04987320018435,"Colorado_Springs","high",4.48
624.181762695312,49,4339.24625345855,"1%","100yr",0.0632947821822012,0,0.224604805625373,"Colorado_Springs","high",5.25
624.105712890625,49,4256.80705242806,"5%","100yr",0.0754709900869446,0,2.12018836596618,"Colorado_Springs","high",5.25
618.043640136719,49,4220.13684780373,"10%","100yr",1.04605938920975,0,2.96337262990003,"Colorado_Springs","high",5.25
614.638793945312,49,4150.9168380684,"15%","100yr",1.59120365724033,0,4.55499786232306,"Colorado_Springs","high",5.25
610.561584472656,49,4096.69211562964,"20%","100yr",2.24399889339183,0,5.80182572011526,"Colorado_Springs","high",5.25
